,mole,smiles
0,CN(Cc1cccc(F)c1)C(=O)Cn1nnc2ccccc21,CN(Cc1cccc(F)c1)C(=O)Cn1nnc2ccccc21
2,O=C(Cn1nnc2ccccc21)N1CC=CCC[C@@H]1c1ccccc1,O=C(Cn1nnc2ccccc21)N1CC=CCC[C@@H]1c1ccccc1
4,CCN(C(=O)Cn1nnc2ccccc21)C(c1ccccc1)c1ccccc1,CCN(C(=O)Cn1nnc2ccccc21)C(c1ccccc1)c1ccccc1
6,CC(C)CN(Cc1ccccc1)C(=O)Cn1nnc2ccccc21,CC(C)CN(Cc1ccccc1)C(=O)Cn1nnc2ccccc21
7,C[C@@H](c1ccccc1)N(C(=O)Cn1nnc2ccccc21)C1CC1,C[C@@H](c1ccccc1)N(C(=O)Cn1nnc2ccccc21)C1CC1
8,C[C@@H](c1ccccc1)N(C)C(=O)Cn1nnc2ccccc21,C[C@@H](c1ccccc1)N(C)C(=O)Cn1nnc2ccccc21
10,C[C@H](NC(=O)Cn1nnc2ccccc21)c1cccc(Cl)c1,C[C@H](NC(=O)Cn1nnc2ccccc21)c1cccc(Cl)c1
11,COc1ccc(Cl)cc1CN(C)C(=O)Cn1nnc2ccccc21,COc1ccc(Cl)cc1CN(C)C(=O)Cn1nnc2ccccc21
12,CCN(Cc1ccccc1)C(=O)Cn1nnc2ccccc21,CCN(Cc1ccccc1)C(=O)Cn1nnc2ccccc21
14,CN(Cc1ccccc1)C(=O)Cn1nnc2ccccc21,CN(Cc1ccccc1)C(=O)Cn1nnc2ccccc21
15,C[C@H](c1cccc(C(F)(F)F)c1)N(C(=O)Cn1nnc2ccccc21)C1CC1,C[C@H](c1cccc(C(F)(F)F)c1)N(C(=O)Cn1nnc2ccccc21)C1CC1
16,C[C@H](c1cccc(Cl)c1)N(C)C(=O)Cn1nnc2ccccc21,C[C@H](c1cccc(Cl)c1)N(C)C(=O)Cn1nnc2ccccc21
18,CC[C@@H](c1ccccc1)N(CC)C(=O)Cn1nnc2ccccc21,CC[C@@H](c1ccccc1)N(CC)C(=O)Cn1nnc2ccccc21
19,O=C1C[C@H](Oc2cc(Cl)cc(OCCNC(=O)c3cc(=O)[nH]c4ccccc34)c2)N1,O=C1C[C@H](Oc2cc(Cl)cc(OCCNC(=O)c3cc(=O)[nH]c4ccccc34)c2)N1
21,CC(C)(C)c1ccc(N(C(=O)c2ccco2)[C@@H](C(=O)NCCc2cccc(F)c2)c2cccnc2)cc1,CC(C)(C)c1ccc(N(C(=O)c2ccco2)[C@@H](C(=O)NCCc2cccc(F)c2)c2cccnc2)cc1
23,O=C1[C@H](c2cccc(Cl)c2)CCN1c1cncc2ccccc12,O=C1[C@H](c2cccc(Cl)c2)CCN1c1cncc2ccccc12
25,O=C(Nc1cncc2cnccc12)[C@@H]1CCOc2ccc(Cl)cc21,O=C(Nc1cncc2cnccc12)[C@@H]1CCOc2ccc(Cl)cc21
27,O=C(Cc1cncc2ccccc12)N(CCC1CCCCC1)Cc1cccs1,O=C(Cc1cncc2ccccc12)N(CCC1CCCCC1)Cc1cccs1
29,O=C1[C@H](c2ccc(Cl)cc2)CCCN1c1cncc2ccccc12,O=C1[C@H](c2ccc(Cl)cc2)CCCN1c1cncc2ccccc12
31,O=C(c1cncc2ccccc12)N1CCN(c2cccc(Cl)c2)C(=O)C1,O=C(c1cncc2ccccc12)N1CCN(c2cccc(Cl)c2)C(=O)C1
33,O=C1[C@H](c2cccc(Cl)c2)CCCN1c1cncc2ccccc12,O=C1[C@H](c2cccc(Cl)c2)CCCN1c1cncc2ccccc12
35,O=C1N[C@]2(CCOc3ccc(Cl)cc32)C(=O)N1c1cncc2ccccc12,O=C1N[C@]2(CCOc3ccc(Cl)cc32)C(=O)N1c1cncc2ccccc12
37,O=C(Cc1cccc(Cl)n1)Nc1cncc2ccccc12,O=C(Cc1cccc(Cl)n1)Nc1cncc2ccccc12
40,O=C1C[C@H](NC(=O)[C@@H]2CCOc3ccc(Cl)cc32)CCN1,O=C1C[C@H](NC(=O)[C@@H]2CCOc3ccc(Cl)cc32)CCN1
42,Cn1c(=O)[nH]c2cncc(NC(=O)[C@@H]3CCOc4ccc(Cl)cc43)c21,Cn1c(=O)[nH]c2cncc(NC(=O)[C@@H]3CCOc4ccc(Cl)cc43)c21
44,O=C(Nc1cncc2c1C[NH2+]CC2)[C@@H]1CCOc2ccc(Cl)cc21,O=C(Nc1cncc2c1C[NH2+]CC2)[C@@H]1CCOc2ccc(Cl)cc21
46,[NH3+]C[C@@]1(C(=O)Nc2cncc3ccccc23)CCOc2ccc(Cl)cc21,[NH3+]C[C@@]1(C(=O)Nc2cncc3ccccc23)CCOc2ccc(Cl)cc21
48,CCC(=O)N(C(=O)[C@@H]1CCOc2ccc(Cl)cc21)c1cncc2ccccc12,CCC(=O)N(C(=O)[C@@H]1CCOc2ccc(Cl)cc21)c1cncc2ccccc12
50,Cc1ccncc1NC(=O)Cc1cc(Cl)cc(O[C@H]2CC(=O)N2)c1,Cc1ccncc1NC(=O)Cc1cc(Cl)cc(O[C@H]2CC(=O)N2)c1
52,CCC(=O)N(c1ccc(C(C)(C)C)cc1)[C@@H](C(=O)NCCc1cccc(F)c1)c1cccnc1,CCC(=O)N(c1ccc(C(C)(C)C)cc1)[C@@H](C(=O)NCCc1cccc(F)c1)c1cccnc1
53,CC(C)Oc1ccc(N(C(=O)c2c[nH+]c[nH]2)[C@@H](C(=O)NCCc2cccc(F)c2)c2cccnc2)cc1,CC(C)Oc1ccc(N(C(=O)c2c[nH+]c[nH]2)[C@@H](C(=O)NCCc2cccc(F)c2)c2cccnc2)cc1
54,NC(=O)N1CC[C@@H](C(=O)Nc2cncc3ccccc23)c2cc(Cl)ccc21,NC(=O)N1CC[C@@H](C(=O)Nc2cncc3ccccc23)c2cc(Cl)ccc21
56,CN(C)c1ccc(N(Cc2cccc(Cl)c2)C(=O)Cc2cncc3ccccc23)nc1,CN(C)c1ccc(N(Cc2cccc(Cl)c2)C(=O)Cc2cncc3ccccc23)nc1
58,O=C1C[C@@H](C(=O)Nc2cncc3ccccc23)c2cc(Cl)ccc2N1,O=C1C[C@@H](C(=O)Nc2cncc3ccccc23)c2cc(Cl)ccc2N1
60,O=C(Cc1cc(F)ccc1F)Nc1cncc2ccccc12,O=C(Cc1cc(F)ccc1F)Nc1cncc2ccccc12
62,O=C(Cc1ccc(Cl)cn1)Nc1cncc2ccccc12,O=C(Cc1ccc(Cl)cn1)Nc1cncc2ccccc12
64,O=C(Cc1cccc(F)c1)Nc1cncc2ccccc12,O=C(Cc1cccc(F)c1)Nc1cncc2ccccc12
66,Cc1cccc(CC(=O)Nc2cncc3ccccc23)c1,Cc1cccc(CC(=O)Nc2cncc3ccccc23)c1
68,N#Cc1cc(Cl)cc(CC(=O)Nc2cncc3ccccc23)c1,N#Cc1cc(Cl)cc(CC(=O)Nc2cncc3ccccc23)c1
69,O=C(Cc1ccc(F)cc1)Nc1cncc2ccccc12,O=C(Cc1ccc(F)cc1)Nc1cncc2ccccc12
71,N#Cc1cccc(CC(=O)Nc2cncc3ccccc23)c1,N#Cc1cccc(CC(=O)Nc2cncc3ccccc23)c1
72,O=C(Cc1cc(F)cc(F)c1)Nc1cncc2ccccc12,O=C(Cc1cc(F)cc(F)c1)Nc1cncc2ccccc12
74,O=C(Nc1cncc2ccccc12)[C@@H]1CCN(Cc2nnc[nH]2)c2ccc(Cl)cc21,O=C(Nc1cncc2ccccc12)[C@@H]1CCN(Cc2nnc[nH]2)c2ccc(Cl)cc21
76,[NH3+][C@@H](C(=O)Nc1cncc2ccccc12)c1ccc(Cl)c(Cl)c1,[NH3+][C@@H](C(=O)Nc1cncc2ccccc12)c1ccc(Cl)c(Cl)c1
77,O=C(Cc1ccc(F)c(Cl)c1)Nc1cncc2ccccc12,O=C(Cc1ccc(F)c(Cl)c1)Nc1cncc2ccccc12
79,O=C(Nc1cncc2ccccc12)[C@@H]1CCOc2c(Cl)cc(Cl)cc21,O=C(Nc1cncc2ccccc12)[C@@H]1CCOc2c(Cl)cc(Cl)cc21
81,O=C(Nc1cncc2ccccc12)[C@@H]1CCOc2cc(Cl)c(Cl)cc21,O=C(Nc1cncc2ccccc12)[C@@H]1CCOc2cc(Cl)c(Cl)cc21
82,C[C@H](C(=O)Nc1cncc2ccccc12)c1ccc(Cl)c(Cl)c1,C[C@H](C(=O)Nc1cncc2ccccc12)c1ccc(Cl)c(Cl)c1
84,O=C(Nc1cncc2ccccc12)[C@@H]1CCN(Cc2ncc[nH]2)c2ccc(Cl)cc21,O=C(Nc1cncc2ccccc12)[C@@H]1CCN(Cc2ncc[nH]2)c2ccc(Cl)cc21
86,CS(=O)(=O)c1ccc2cncc(NC(=O)[C@@H]3CCOc4ccc(Cl)cc43)c2c1,CS(=O)(=O)c1ccc2cncc(NC(=O)[C@@H]3CCOc4ccc(Cl)cc43)c2c1
88,O=C(Nc1cncc2ccccc12)[C@]1(O)CCOc2ccc(Cl)cc21,O=C(Nc1cncc2ccccc12)[C@]1(O)CCOc2ccc(Cl)cc21
90,O=C(Cc1cncc(Cl)c1)Nc1cncc2ccccc12,O=C(Cc1cncc(Cl)c1)Nc1cncc2ccccc12
92,C[NH2+][C@H](C(=O)Nc1cncc2ccccc12)c1ccc(Cl)c(Cl)c1,C[NH2+][C@H](C(=O)Nc1cncc2ccccc12)c1ccc(Cl)c(Cl)c1
94,O=C(Nc1cncc2ccccc12)[C@@H]1CCOc2cc(F)c(Cl)cc21,O=C(Nc1cncc2ccccc12)[C@@H]1CCOc2cc(F)c(Cl)cc21
96,CO[C@@H](C(=O)Nc1cncc2ccccc12)c1ccc(Cl)c(Cl)c1,CO[C@@H](C(=O)Nc1cncc2ccccc12)c1ccc(Cl)c(Cl)c1
98,COc1ccc2cncc(NC(=O)[C@@H]3CCOc4ccc(Cl)cc43)c2c1,COc1ccc2cncc(NC(=O)[C@@H]3CCOc4ccc(Cl)cc43)c2c1
101,Cc1ccncc1NC(=O)[C@@H]1CCOc2ccc(Cl)cc21,Cc1ccncc1NC(=O)[C@@H]1CCOc2ccc(Cl)cc21
103,CC(=O)N1CC[C@@H](C(=O)Nc2cncc3ccccc23)c2cc(Cl)ccc21,CC(=O)N1CC[C@@H](C(=O)Nc2cncc3ccccc23)c2cc(Cl)ccc21
105,C[NH+](C)CC(=O)NC[C@@]1(C(=O)Nc2cncc3ccccc23)CCOc2ccc(Cl)cc21,C[NH+](C)CC(=O)NC[C@@]1(C(=O)Nc2cncc3ccccc23)CCOc2ccc(Cl)cc21
107,O=C(Cn1ccnc1)NC[C@@]1(C(=O)Nc2cncc3ccccc23)CCOc2ccc(Cl)cc21,O=C(Cn1ccnc1)NC[C@@]1(C(=O)Nc2cncc3ccccc23)CCOc2ccc(Cl)cc21
109,O=C(Nc1cncc2ccc(F)cc12)[C@@H]1CCOc2ccc(Cl)cc21,O=C(Nc1cncc2ccc(F)cc12)[C@@H]1CCOc2ccc(Cl)cc21
110,CN1CC[C@@H](C(=O)Nc2cncc3ccccc23)c2cc(Cl)ccc21,CN1CC[C@@H](C(=O)Nc2cncc3ccccc23)c2cc(Cl)ccc21
113,O=C(Nc1cncc2ccccc12)C(F)(F)c1ccc(Cl)c(Cl)c1,O=C(Nc1cncc2ccccc12)C(F)(F)c1ccc(Cl)c(Cl)c1
115,CC(=O)Nc1ccc(N(Cc2cccc(Cl)c2)C(=O)Cc2cncc3ccccc23)cn1,CC(=O)Nc1ccc(N(Cc2cccc(Cl)c2)C(=O)Cc2cncc3ccccc23)cn1
117,COCCO[C@@H](C(=O)Nc1cncc2ccccc12)c1ccc(Cl)c(Cl)c1,COCCO[C@@H](C(=O)Nc1cncc2ccccc12)c1ccc(Cl)c(Cl)c1
119,CNC(=O)C[C@@]1(C(=O)Nc2cncc3ccccc23)CCOc2ccc(Cl)cc21,CNC(=O)C[C@@]1(C(=O)Nc2cncc3ccccc23)CCOc2ccc(Cl)cc21
121,O=C1C[C@]2(CCOc3ccc(Cl)cc32)C(=O)N1c1cncc2ccccc12,O=C1C[C@]2(CCOc3ccc(Cl)cc32)C(=O)N1c1cncc2ccccc12
123,[NH3+][C@@]1(C(=O)Nc2cncc3ccccc23)CCOc2ccc(Cl)cc21,[NH3+][C@@]1(C(=O)Nc2cncc3ccccc23)CCOc2ccc(Cl)cc21
125,CCC(=O)N(C(=O)[C@@H]1COc2ccc(Cl)cc21)c1cncc2ccccc12,CCC(=O)N(C(=O)[C@@H]1COc2ccc(Cl)cc21)c1cncc2ccccc12
127,Cn1ccc(C[NH2+]C[C@@]2(C(=O)Nc3cncc4ccccc34)CCOc3ccc(Cl)cc32)n1,Cn1ccc(C[NH2+]C[C@@]2(C(=O)Nc3cncc4ccccc34)CCOc3ccc(Cl)cc32)n1
129,O=C(C[C@@]1(C(=O)Nc2cncc3ccccc23)CCOc2ccc(Cl)cc21)N1CC[NH+](CCCO)CC1,O=C(C[C@@]1(C(=O)Nc2cncc3ccccc23)CCOc2ccc(Cl)cc21)N1CC[NH+](CCCO)CC1
130,O=C(Nc1cncc2ccccc12)[C@@H]1C[NH2+]Cc2ccc(Cl)cc21,O=C(Nc1cncc2ccccc12)[C@@H]1C[NH2+]Cc2ccc(Cl)cc21
132,CO[C@@]1(C(=O)Nc2cncc3ccccc23)CCOc2cc(Cl)c(Cl)cc21,CO[C@@]1(C(=O)Nc2cncc3ccccc23)CCOc2cc(Cl)c(Cl)cc21
134,CCS(=O)(=O)N1CCN(c2cc(Cl)cc(CC(=O)Nc3cncc4ccccc34)c2)CC1,CCS(=O)(=O)N1CCN(c2cc(Cl)cc(CC(=O)Nc3cncc4ccccc34)c2)CC1
135,COCC[C@@]1(C(=O)Nc2cncc3ccccc23)CCNc2ccc(Cl)cc21,COCC[C@@]1(C(=O)Nc2cncc3ccccc23)CCNc2ccc(Cl)cc21
136,O=C1[C@@H](c2ccc(Cl)c(Cl)c2)CCCN1c1cncc2ccccc12,O=C1[C@@H](c2ccc(Cl)c(Cl)c2)CCCN1c1cncc2ccccc12
137,C[C@H]1COc2ccc(Cl)cc2[C@@H]1C(=O)Nc1cncc2ccccc12,C[C@H]1COc2ccc(Cl)cc2[C@@H]1C(=O)Nc1cncc2ccccc12
138,CO[C@@]1(C(=O)Nc2cncc3ccccc23)CCOc2c(F)cc(F)cc21,CO[C@@]1(C(=O)Nc2cncc3ccccc23)CCOc2c(F)cc(F)cc21
141,CO[C@@]1(C(=O)Nc2cncc3ccccc23)CCOc2cc(F)c(Cl)cc21,CO[C@@]1(C(=O)Nc2cncc3ccccc23)CCOc2cc(F)c(Cl)cc21
142,O=C(Nc1cncc2ccccc12)[C@@H]1CCSc2ccc(Cl)cc21,O=C(Nc1cncc2ccccc12)[C@@H]1CCSc2ccc(Cl)cc21
143,COCC(=O)N[C@@](C)(C(=O)Nc1cncc2ccccc12)c1ccc(Cl)c(Cl)c1,COCC(=O)N[C@@](C)(C(=O)Nc1cncc2ccccc12)c1ccc(Cl)c(Cl)c1
144,CC(C)[N@H+]1CCO[C@@H](C(=O)N[C@@](C)(C(=O)Nc2cncc3ccccc23)c2ccc(Cl)c(Cl)c2)C1,CC(C)[N@H+]1CCO[C@@H](C(=O)N[C@@](C)(C(=O)Nc2cncc3ccccc23)c2ccc(Cl)c(Cl)c2)C1
145,O=C(C[C@@]1(C(=O)Nc2cncc3ccccc23)CCOc2ccc(Cl)cc21)N1CCCC[C@@H]1c1cn[nH]c1,O=C(C[C@@]1(C(=O)Nc2cncc3ccccc23)CCOc2ccc(Cl)cc21)N1CCCC[C@@H]1c1cn[nH]c1
146,C[C@](NC(=O)CN1CCN(C2CC2)C1=O)(C(=O)Nc1cncc2ccccc12)c1ccc(Cl)c(Cl)c1,C[C@](NC(=O)CN1CCN(C2CC2)C1=O)(C(=O)Nc1cncc2ccccc12)c1ccc(Cl)c(Cl)c1
149,CC(=O)N1C[C@H]2C[C@@H]1CN2C(=O)C[C@@]1(C(=O)Nc2cncc3ccccc23)CCOc2ccc(Cl)cc21,CC(=O)N1C[C@H]2C[C@@H]1CN2C(=O)C[C@@]1(C(=O)Nc2cncc3ccccc23)CCOc2ccc(Cl)cc21
151,C[N@@H+]1CC[C@H](C(=O)N[C@@](C)(C(=O)Nc2cncc3ccccc23)c2ccc(Cl)c(Cl)c2)C1,C[N@@H+]1CC[C@H](C(=O)N[C@@](C)(C(=O)Nc2cncc3ccccc23)c2ccc(Cl)c(Cl)c2)C1
152,O=C(Cc1cc(Cl)cc(N2CCN(C(=O)c3ccco3)CC2)c1)Nc1cncc2ccccc12,O=C(Cc1cc(Cl)cc(N2CCN(C(=O)c3ccco3)CC2)c1)Nc1cncc2ccccc12
154,CN1C(=O)N(c2cncc3ccccc23)C(=O)[C@@]12CCOc1ccc(Cl)cc12,CN1C(=O)N(c2cncc3ccccc23)C(=O)[C@@]12CCOc1ccc(Cl)cc12
155,C[C@@]1(C(=O)Nc2cncc3ccccc23)C(=O)Nc2ccc(Cl)cc21,C[C@@]1(C(=O)Nc2cncc3ccccc23)C(=O)Nc2ccc(Cl)cc21
156,C[N@@H+]1C[C@@H]2C[C@H]1CN2C(=O)C[C@@]1(C(=O)Nc2cncc3ccccc23)CCOc2ccc(Cl)cc21,C[N@@H+]1C[C@@H]2C[C@H]1CN2C(=O)C[C@@]1(C(=O)Nc2cncc3ccccc23)CCOc2ccc(Cl)cc21
157,C[N@@H+]1CCc2ccc(Cl)cc2[C@@H]1C(=O)Nc1cncc2ccccc12,C[N@@H+]1CCc2ccc(Cl)cc2[C@@H]1C(=O)Nc1cncc2ccccc12
158,CCc1cc(Cl)cc(CC(=O)Nc2cncc3ccccc23)c1,CCc1cc(Cl)cc(CC(=O)Nc2cncc3ccccc23)c1
161,O=C(Nc1cncc2ccccc12)[C@@H]1[NH2+]CCc2ccc(Cl)cc21,O=C(Nc1cncc2ccccc12)[C@@H]1[NH2+]CCc2ccc(Cl)cc21
162,O=C(C[C@@]1(C(=O)Nc2cncc3ccccc23)CCOc2ccc(Cl)cc21)N1CCC[C@@H]1Cn1ccnc1,O=C(C[C@@]1(C(=O)Nc2cncc3ccccc23)CCOc2ccc(Cl)cc21)N1CCC[C@@H]1Cn1ccnc1
163,CC(=O)N1Cc2ccc(Cl)cc2[C@H](C(=O)Nc2cncc3ccccc23)C1,CC(=O)N1Cc2ccc(Cl)cc2[C@H](C(=O)Nc2cncc3ccccc23)C1
165,O=C1N(c2cncc3ccccc23)CCC[C@]12CCOc1ccc(Cl)cc12,O=C1N(c2cncc3ccccc23)CCC[C@]12CCOc1ccc(Cl)cc12
167,O=C1[C@@H](c2cccc(Cl)c2)CCN1c1cncc2ccccc12,O=C1[C@@H](c2cccc(Cl)c2)CCN1c1cncc2ccccc12
169,O=C(Nc1cncc2ccc(F)cc12)[C@@H]1CCOc2cc(F)c(Cl)cc21,O=C(Nc1cncc2ccc(F)cc12)[C@@H]1CCOc2cc(F)c(Cl)cc21
171,CNC(=O)COC[C@@]1(C(=O)Nc2cncc3ccccc23)CCOc2ccc(Cl)cc21,CNC(=O)COC[C@@]1(C(=O)Nc2cncc3ccccc23)CCOc2ccc(Cl)cc21
173,O=C(Nc1cncc2cnccc12)[C@@H]1CCNc2cc(Cl)c(Cl)cc21,O=C(Nc1cncc2cnccc12)[C@@H]1CCNc2cc(Cl)c(Cl)cc21
174,NC(=O)N1Cc2ccc(Cl)cc2[C@H](C(=O)Nc2cncc3ccccc23)C1,NC(=O)N1Cc2ccc(Cl)cc2[C@H](C(=O)Nc2cncc3ccccc23)C1
176,O=C(Nc1cncc2ccc(F)cc12)[C@@H]1CCNc2cc(Cl)c(Cl)cc21,O=C(Nc1cncc2ccc(F)cc12)[C@@H]1CCNc2cc(Cl)c(Cl)cc21
177,C[C@@]1(C(=O)Nc2cncc3ccccc23)CNc2ccc(Cl)cc21,C[C@@]1(C(=O)Nc2cncc3ccccc23)CNc2ccc(Cl)cc21
178,O=C(Nc1cnccc1C1CC1)[C@@H]1CCNc2cc(Cl)c(Cl)cc21,O=C(Nc1cnccc1C1CC1)[C@@H]1CCNc2cc(Cl)c(Cl)cc21
179,C[C@H]1c2nncn2CCN1C(=O)C[C@@]1(C(=O)Nc2cncc3ccccc23)CCOc2ccc(Cl)cc21,C[C@H]1c2nncn2CCN1C(=O)C[C@@]1(C(=O)Nc2cncc3ccccc23)CCOc2ccc(Cl)cc21
181,CC(C)(C)Oc1ccncc1NC(=O)Cc1cccc(Cl)c1,CC(C)(C)Oc1ccncc1NC(=O)Cc1cccc(Cl)c1
183,O=C(Cc1cccc(Cl)c1)Nc1cnccc1C(F)(F)F,O=C(Cc1cccc(Cl)c1)Nc1cnccc1C(F)(F)F
184,O=C1N(c2cncc3ccccc23)CCC[C@]12CCNc1ccc(Cl)cc12,O=C1N(c2cncc3ccccc23)CCC[C@]12CCNc1ccc(Cl)cc12
186,CO[C@@]1(C(=O)Nc2cncc3ccc(F)cc23)CCOc2ccc(Cl)cc21,CO[C@@]1(C(=O)Nc2cncc3ccc(F)cc23)CCOc2ccc(Cl)cc21
188,O=C(Nc1cncc2ccccc12)[C@@H]1CN(S(=O)(=O)c2ncc[nH]2)Cc2ccc(Cl)cc21,O=C(Nc1cncc2ccccc12)[C@@H]1CN(S(=O)(=O)c2ncc[nH]2)Cc2ccc(Cl)cc21
190,CN(C)C(=O)N1Cc2ccc(Cl)cc2[C@H](C(=O)Nc2cncc3ccccc23)C1,CN(C)C(=O)N1Cc2ccc(Cl)cc2[C@H](C(=O)Nc2cncc3ccccc23)C1
192,CN(C)S(=O)(=O)N1Cc2ccc(Cl)cc2[C@H](C(=O)Nc2cncc3ccccc23)C1,CN(C)S(=O)(=O)N1Cc2ccc(Cl)cc2[C@H](C(=O)Nc2cncc3ccccc23)C1
194,C[C@@H]1CCN(S(=O)(=O)N2Cc3ccc(Cl)cc3[C@H](C(=O)Nc3cncc4ccccc34)C2)C1,C[C@@H]1CCN(S(=O)(=O)N2Cc3ccc(Cl)cc3[C@H](C(=O)Nc3cncc4ccccc34)C2)C1
196,C=CC(=O)NC[C@@]1(C(=O)Nc2cncc3ccccc23)CCOc2ccc(Cl)cc21,C=CC(=O)NC[C@@]1(C(=O)Nc2cncc3ccccc23)CCOc2ccc(Cl)cc21
197,Cn1nccc1C(=O)N1Cc2ccc(Cl)cc2[C@H](C(=O)Nc2cncc3ccccc23)C1,Cn1nccc1C(=O)N1Cc2ccc(Cl)cc2[C@H](C(=O)Nc2cncc3ccccc23)C1
199,CNC(=O)C[N@H+]1Cc2ccc(Cl)cc2[C@H](C(=O)Nc2cncc3ccccc23)C1,CNC(=O)C[N@H+]1Cc2ccc(Cl)cc2[C@H](C(=O)Nc2cncc3ccccc23)C1
201,COC(=O)NC[C@@]1(C(=O)Nc2cncc3ccccc23)CCOc2ccc(Cl)cc21,COC(=O)NC[C@@]1(C(=O)Nc2cncc3ccccc23)CCOc2ccc(Cl)cc21
202,COCC[N@H+]1Cc2ccc(Cl)cc2[C@H](C(=O)Nc2cncc3ccccc23)C1,COCC[N@H+]1Cc2ccc(Cl)cc2[C@H](C(=O)Nc2cncc3ccccc23)C1
203,Cn1ncc2cncc(NC(=O)Cc3cccc(Cl)c3)c21,Cn1ncc2cncc(NC(=O)Cc3cccc(Cl)c3)c21
205,CNc1cncc(NC(=O)[C@@H]2CCOc3ccc(Cl)cc32)c1C,CNc1cncc(NC(=O)[C@@H]2CCOc3ccc(Cl)cc32)c1C
206,O=C(N[C@@H](C(=O)Nc1cncc2ccccc12)c1cccc(Cl)c1)[C@@H]1CC[C@H](C(=O)N2CCCC2)O1,O=C(N[C@@H](C(=O)Nc1cncc2ccccc12)c1cccc(Cl)c1)[C@@H]1CC[C@H](C(=O)N2CCCC2)O1
207,O=C1N(c2cncc3ccc(F)cc23)CC[C@]12COc1ccc(Cl)cc12,O=C1N(c2cncc3ccc(F)cc23)CC[C@]12COc1ccc(Cl)cc12
209,N#CC1CN(S(=O)(=O)N2Cc3ccc(Cl)cc3[C@H](C(=O)Nc3cncc4ccccc34)C2)C1,N#CC1CN(S(=O)(=O)N2Cc3ccc(Cl)cc3[C@H](C(=O)Nc3cncc4ccccc34)C2)C1
211,O=C(Nc1cncc2ccccc12)[C@@H]1CN(S(=O)(=O)N2CCC2)Cc2ccc(Cl)cc21,O=C(Nc1cncc2ccccc12)[C@@H]1CN(S(=O)(=O)N2CCC2)Cc2ccc(Cl)cc21
213,COC1CN(S(=O)(=O)N2Cc3ccc(Cl)cc3[C@H](C(=O)Nc3cncc4ccccc34)C2)C1,COC1CN(S(=O)(=O)N2Cc3ccc(Cl)cc3[C@H](C(=O)Nc3cncc4ccccc34)C2)C1
215,CO[C@@]1(C(=O)Nc2cncc3ccc(NS(C)(=O)=O)cc23)CCOc2ccc(Cl)cc21,CO[C@@]1(C(=O)Nc2cncc3ccc(NS(C)(=O)=O)cc23)CCOc2ccc(Cl)cc21
217,O=C1N(c2cncc3ccccc23)CC[C@@]1(O)c1cccc(Cl)c1,O=C1N(c2cncc3ccccc23)CC[C@@]1(O)c1cccc(Cl)c1
219,CNS(=O)(=O)c1ccc2c(NC(=O)[C@]3(OC)CCOc4ccc(Cl)cc43)cncc2c1,CNS(=O)(=O)c1ccc2c(NC(=O)[C@]3(OC)CCOc4ccc(Cl)cc43)cncc2c1
221,N#CC1(CS(=O)(=O)N2Cc3ccc(Cl)cc3[C@H](C(=O)Nc3cncc4ccccc34)C2)CC1,N#CC1(CS(=O)(=O)N2Cc3ccc(Cl)cc3[C@H](C(=O)Nc3cncc4ccccc34)C2)CC1
225,CC(C)(O)c1ccc2cncc(NC(=O)[C@@H]3CCNc4ccc(Cl)cc43)c2c1,CC(C)(O)c1ccc2cncc(NC(=O)[C@@H]3CCNc4ccc(Cl)cc43)c2c1
227,CNC(=O)CN1C[C@@H](C(=O)Nc2cncc3ccccc23)c2cc(Cl)ccc2C1=O,CNC(=O)CN1C[C@@H](C(=O)Nc2cncc3ccccc23)c2cc(Cl)ccc2C1=O
229,CO[C@@]1(C(=O)Nc2cncc3cc(F)ccc23)CCOc2ccc(Cl)cc21,CO[C@@]1(C(=O)Nc2cncc3cc(F)ccc23)CCOc2ccc(Cl)cc21
230,N#CCNC(=O)C[N@H+]1Cc2ccc(Cl)cc2[C@H](C(=O)Nc2cncc3ccccc23)C1,N#CCNC(=O)C[N@H+]1Cc2ccc(Cl)cc2[C@H](C(=O)Nc2cncc3ccccc23)C1
231,COCCN(C)S(=O)(=O)N1Cc2ccc(Cl)cc2[C@H](C(=O)Nc2cncc3ccccc23)C1,COCCN(C)S(=O)(=O)N1Cc2ccc(Cl)cc2[C@H](C(=O)Nc2cncc3ccccc23)C1
233,CN(CC#N)S(=O)(=O)N1Cc2ccc(Cl)cc2[C@H](C(=O)Nc2cncc3ccccc23)C1,CN(CC#N)S(=O)(=O)N1Cc2ccc(Cl)cc2[C@H](C(=O)Nc2cncc3ccccc23)C1
235,COc1cc2c(NC(=O)Cc3cccc(Cl)c3)cncc2cc1F,COc1cc2c(NC(=O)Cc3cccc(Cl)c3)cncc2cc1F
236,COC(=O)CN(C)S(=O)(=O)N1Cc2ccc(Cl)cc2[C@H](C(=O)Nc2cncc3ccccc23)C1,COC(=O)CN(C)S(=O)(=O)N1Cc2ccc(Cl)cc2[C@H](C(=O)Nc2cncc3ccccc23)C1
238,CC1(CS(=O)(=O)N2Cc3ccc(Cl)cc3[C@H](C(=O)Nc3cncc4ccccc34)C2)CS(=O)(=O)C1,CC1(CS(=O)(=O)N2Cc3ccc(Cl)cc3[C@H](C(=O)Nc3cncc4ccccc34)C2)CS(=O)(=O)C1
240,COC1(CS(=O)(=O)N2Cc3ccc(Cl)cc3[C@H](C(=O)Nc3cncc4ccccc34)C2)CC1,COC1(CS(=O)(=O)N2Cc3ccc(Cl)cc3[C@H](C(=O)Nc3cncc4ccccc34)C2)CC1
242,O=C(Nc1cncc2ccccc12)[C@@H]1CN(S(=O)(=O)CC2CCOCC2)Cc2ccc(Cl)cc21,O=C(Nc1cncc2ccccc12)[C@@H]1CN(S(=O)(=O)CC2CCOCC2)Cc2ccc(Cl)cc21
244,CN(CCC#N)S(=O)(=O)N1Cc2ccc(Cl)cc2[C@H](C(=O)Nc2cncc3ccccc23)C1,CN(CCC#N)S(=O)(=O)N1Cc2ccc(Cl)cc2[C@H](C(=O)Nc2cncc3ccccc23)C1
246,CCN(C)S(=O)(=O)N1Cc2ccc(Cl)cc2[C@H](C(=O)Nc2cncc3ccccc23)C1,CCN(C)S(=O)(=O)N1Cc2ccc(Cl)cc2[C@H](C(=O)Nc2cncc3ccccc23)C1
248,O=C(Cc1cccc(Cl)c1)Nn1cnc2ccccc21,O=C(Cc1cccc(Cl)c1)Nn1cnc2ccccc21
250,O=C(Cc1cccc(Cl)c1)Nc1cncc2ccccc12,O=C(Cc1cccc(Cl)c1)Nc1cncc2ccccc12
251,O=C(Cc1cccc(Cl)c1)Nc1c[nH+]c2ccccn12,O=C(Cc1cccc(Cl)c1)Nc1c[nH+]c2ccccn12
253,O=C(Cc1cccc(Cl)c1)Nc1cncc2ncccc12,O=C(Cc1cccc(Cl)c1)Nc1cncc2ncccc12
254,O=C(Cc1cccc(Cl)c1)Nn1nnc2ccccc21,O=C(Cc1cccc(Cl)c1)Nn1nnc2ccccc21
255,N#CC1(CS(=O)(=O)N2Cc3ccc(Cl)cc3[C@H](C(=O)Nc3cncc4ccccc34)C2)CCC1,N#CC1(CS(=O)(=O)N2Cc3ccc(Cl)cc3[C@H](C(=O)Nc3cncc4ccccc34)C2)CCC1
257,CS(=O)(=O)NCc1ccc(Cl)cc1CC(=O)Nc1cncc2ccccc12,CS(=O)(=O)NCc1ccc(Cl)cc1CC(=O)Nc1cncc2ccccc12
263,C[C@@]1(C(=O)Nc2cncc3ccccc23)CNS(=O)(=O)c2ccc(Cl)cc21,C[C@@]1(C(=O)Nc2cncc3ccccc23)CNS(=O)(=O)c2ccc(Cl)cc21
265,CNC(=O)CN1C[C@@H](C(=O)Nc2cncc3ccc(NS(C)(=O)=O)cc23)c2cc(Cl)ccc2C1=O,CNC(=O)CN1C[C@@H](C(=O)Nc2cncc3ccc(NS(C)(=O)=O)cc23)c2cc(Cl)ccc2C1=O
267,CN(CCO)S(=O)(=O)N1Cc2ccc(Cl)cc2[C@H](C(=O)Nc2cncc3ccccc23)C1,CN(CCO)S(=O)(=O)N1Cc2ccc(Cl)cc2[C@H](C(=O)Nc2cncc3ccccc23)C1
269,CNC(=O)[C@H](C)[N@H+]1Cc2ccc(Cl)cc2[C@H](C(=O)Nc2cncc3ccccc23)C1,CNC(=O)[C@H](C)[N@H+]1Cc2ccc(Cl)cc2[C@H](C(=O)Nc2cncc3ccccc23)C1
271,Cn1ncc2cncc(NC(=O)[C@@H]3CN(S(=O)(=O)CC4(C#N)CC4)Cc4ccc(Cl)cc43)c21,Cn1ncc2cncc(NC(=O)[C@@H]3CN(S(=O)(=O)CC4(C#N)CC4)Cc4ccc(Cl)cc43)c21
273,CNC(=O)C[N@H+]1Cc2ccc(Cl)cc2[C@H](C(=O)Nc2cncc3ccc(NS(C)(=O)=O)cc23)C1,CNC(=O)C[N@H+]1Cc2ccc(Cl)cc2[C@H](C(=O)Nc2cncc3ccc(NS(C)(=O)=O)cc23)C1
274,CNC(=O)CN1C[C@@H](C(=O)Nc2cncc3cc(S(C)(=O)=O)ccc23)c2cc(Cl)ccc2C1=O,CNC(=O)CN1C[C@@H](C(=O)Nc2cncc3cc(S(C)(=O)=O)ccc23)c2cc(Cl)ccc2C1=O
276,CC(C)(O)c1ccc2c(NC(=O)Cc3cccc(Cl)c3)cncc2c1,CC(C)(O)c1ccc2c(NC(=O)Cc3cccc(Cl)c3)cncc2c1
277,CNC(=O)C[N@H+]1Cc2ccc(Cl)cc2[C@H](C(=O)Nc2cncc3cc(F)ccc23)C1,CNC(=O)C[N@H+]1Cc2ccc(Cl)cc2[C@H](C(=O)Nc2cncc3cc(F)ccc23)C1
279,O=C(Nc1cncc2ccccc12)[C@@H]1CN(S(=O)(=O)NC2CC2)Cc2ccc(Cl)cc21,O=C(Nc1cncc2ccccc12)[C@@H]1CN(S(=O)(=O)NC2CC2)Cc2ccc(Cl)cc21
281,CNC(=O)C[N@H+]1Cc2ccc(Cl)cc2[C@H](C(=O)Nc2cncc3cc(S(C)(=O)=O)ccc23)C1,CNC(=O)C[N@H+]1Cc2ccc(Cl)cc2[C@H](C(=O)Nc2cncc3cc(S(C)(=O)=O)ccc23)C1
283,O=C(Nc1cncc2ccccc12)[C@@H]1CNS(=O)(=O)c2ccc(Cl)cc21,O=C(Nc1cncc2ccccc12)[C@@H]1CNS(=O)(=O)c2ccc(Cl)cc21
285,CNC(=O)C[N@H+]1Cc2ccc(Cl)cc2[C@H](C(=O)Nc2cncc3cc(Cl)ccc23)C1,CNC(=O)C[N@H+]1Cc2ccc(Cl)cc2[C@H](C(=O)Nc2cncc3cc(Cl)ccc23)C1
286,CNC(=O)C[N@H+]1Cc2ccc(Cl)cc2[C@@]2(CC(=O)N(c3cncc4ccccc34)C2=O)C1,CNC(=O)C[N@H+]1Cc2ccc(Cl)cc2[C@@]2(CC(=O)N(c3cncc4ccccc34)C2=O)C1
289,C[NH+](C)CCOc1ccc2cncc(NC(=O)Cc3cccc(Cl)c3)c2c1,C[NH+](C)CCOc1ccc2cncc(NC(=O)Cc3cccc(Cl)c3)c2c1
291,CCNS(=O)(=O)N1Cc2ccc(Cl)cc2[C@H](C(=O)Nc2cncc3ccccc23)C1,CCNS(=O)(=O)N1Cc2ccc(Cl)cc2[C@H](C(=O)Nc2cncc3ccccc23)C1
294,O=C(Cc1cccc(Cl)c1)Nc1cncc2cc(C(=O)[O-])ccc12,O=C(Cc1cccc(Cl)c1)Nc1cncc2cc(C(=O)[O-])ccc12
296,CNC(=O)C[N@H+]1Cc2ccc(Cl)cc2[C@H](C(=O)Nc2cncc3cccc(C)c23)C1,CNC(=O)C[N@H+]1Cc2ccc(Cl)cc2[C@H](C(=O)Nc2cncc3cccc(C)c23)C1
299,CNC(=O)CN1C[C@@H](C(=O)Nc2cncc3ccc(F)cc23)c2cc(Cl)ccc2C1=O,CNC(=O)CN1C[C@@H](C(=O)Nc2cncc3ccc(F)cc23)c2cc(Cl)ccc2C1=O
301,O=C(Cc1cccc(Cl)c1)Nc1cncc2ccc(C(=O)[O-])cc12,O=C(Cc1cccc(Cl)c1)Nc1cncc2ccc(C(=O)[O-])cc12
303,CNC(=O)c1ccc2c(NC(=O)Cc3cccc(Cl)c3)cncc2c1,CNC(=O)c1ccc2c(NC(=O)Cc3cccc(Cl)c3)cncc2c1
305,O=C1N(c2cncc3ccccc23)CC[C@]12CCOc1ccc(Cl)cc12,O=C1N(c2cncc3ccccc23)CC[C@]12CCOc1ccc(Cl)cc12
307,CN(C)c1ccc2cncc(NC(=O)Cc3cccc(Cl)c3)c2c1,CN(C)c1ccc2cncc(NC(=O)Cc3cccc(Cl)c3)c2c1
309,CN(c1ccc2cncc(NC(=O)Cc3cccc(Cl)c3)c2c1)S(C)(=O)=O,CN(c1ccc2cncc(NC(=O)Cc3cccc(Cl)c3)c2c1)S(C)(=O)=O
311,CNC(=O)c1ccc2cncc(NC(=O)Cc3cccc(Cl)c3)c2c1,CNC(=O)c1ccc2cncc(NC(=O)Cc3cccc(Cl)c3)c2c1
313,O=C(Cc1cccc(Cl)c1)Nc1cncc2cc(OCC[NH+]3CCCC3)ccc12,O=C(Cc1cccc(Cl)c1)Nc1cncc2cc(OCC[NH+]3CCCC3)ccc12
314,O=C1NCC[C@H]1[N@H+]1Cc2ccc(Cl)cc2[C@H](C(=O)Nc2cncc3ccccc23)C1,O=C1NCC[C@H]1[N@H+]1Cc2ccc(Cl)cc2[C@H](C(=O)Nc2cncc3ccccc23)C1
315,CN(C)c1ccc2c(NC(=O)Cc3cccc(Cl)c3)cncc2c1,CN(C)c1ccc2c(NC(=O)Cc3cccc(Cl)c3)cncc2c1
316,C[NH+](C)CCOc1ccc2c(NC(=O)Cc3cccc(Cl)c3)cncc2c1,C[NH+](C)CCOc1ccc2c(NC(=O)Cc3cccc(Cl)c3)cncc2c1
318,CS(=O)(=O)Oc1ccc2cncc(NC(=O)Cc3cccc(Cl)c3)c2c1,CS(=O)(=O)Oc1ccc2cncc(NC(=O)Cc3cccc(Cl)c3)c2c1
319,CS(=O)(=O)Nc1ccc2c(NC(=O)[C@@H]3CN(S(=O)(=O)CC4(C#N)CC4)Cc4ccc(Cl)cc43)cncc2c1,CS(=O)(=O)Nc1ccc2c(NC(=O)[C@@H]3CN(S(=O)(=O)CC4(C#N)CC4)Cc4ccc(Cl)cc43)cncc2c1
320,NC(=O)c1ccc2cncc(NC(=O)Cc3cccc(Cl)c3)c2c1,NC(=O)c1ccc2cncc(NC(=O)Cc3cccc(Cl)c3)c2c1
321,CC(=O)Nc1ccc2cncc(NC(=O)Cc3cccc(Cl)c3)c2c1,CC(=O)Nc1ccc2cncc(NC(=O)Cc3cccc(Cl)c3)c2c1
322,CNC(=O)C[N@H+]1Cc2ccc(Cl)cc2[C@@]2(CCN(c3cncc4ccccc34)C2=O)C1,CNC(=O)C[N@H+]1Cc2ccc(Cl)cc2[C@@]2(CCN(c3cncc4ccccc34)C2=O)C1
324,CNC(=O)CN1C[C@@H](C(=O)Nc2cncc3cc(F)ccc23)c2cc(Cl)ccc2C1=O,CNC(=O)CN1C[C@@H](C(=O)Nc2cncc3cc(F)ccc23)c2cc(Cl)ccc2C1=O
325,CN(C)C(=O)c1ccc2cncc(NC(=O)Cc3cccc(Cl)c3)c2c1,CN(C)C(=O)c1ccc2cncc(NC(=O)Cc3cccc(Cl)c3)c2c1
326,CCCNC(=O)CN1C[C@@H](C(=O)Nc2cncc3cc(F)ccc23)c2cc(Cl)ccc2C1=O,CCCNC(=O)CN1C[C@@H](C(=O)Nc2cncc3cc(F)ccc23)c2cc(Cl)ccc2C1=O
327,O=C(Nc1cncc2cc(F)ccc12)[C@]12C[C@H](C1)Oc1ccc(Cl)cc12,O=C(Nc1cncc2cc(F)ccc12)[C@]12C[C@H](C1)Oc1ccc(Cl)cc12
328,O=C(CN1C[C@@H](C(=O)Nc2cncc3ccccc23)c2cc(Cl)ccc2C1=O)NC1COC1,O=C(CN1C[C@@H](C(=O)Nc2cncc3ccccc23)c2cc(Cl)ccc2C1=O)NC1COC1
329,N#CC1(CS(=O)(=O)N2Cc3ccc(Cl)cc3[C@@]3(CCN(c4cncc5ccccc45)C3=O)C2)CC1,N#CC1(CS(=O)(=O)N2Cc3ccc(Cl)cc3[C@@]3(CCN(c4cncc5ccccc45)C3=O)C2)CC1
330,CC(C)NC(=O)CN1C[C@@H](C(=O)Nc2cncc3cc(F)ccc23)c2cc(Cl)ccc2C1=O,CC(C)NC(=O)CN1C[C@@H](C(=O)Nc2cncc3cc(F)ccc23)c2cc(Cl)ccc2C1=O
332,CS(=O)(=O)Oc1ccc2c(NC(=O)Cc3cccc(Cl)c3)cncc2c1,CS(=O)(=O)Oc1ccc2c(NC(=O)Cc3cccc(Cl)c3)cncc2c1
333,O=C(CN1C[C@@H](C(=O)Nc2cncc3ccccc23)c2cc(Cl)ccc2C1=O)NC1CC1,O=C(CN1C[C@@H](C(=O)Nc2cncc3ccccc23)c2cc(Cl)ccc2C1=O)NC1CC1
335,COC1(CS(=O)(=O)N2C[C@@H](C(=O)Nc3cncc4ccccc34)c3cc(Cl)ccc3C2=O)CC1,COC1(CS(=O)(=O)N2C[C@@H](C(=O)Nc3cncc4ccccc34)c3cc(Cl)ccc3C2=O)CC1
337,CNC(=O)CN1C[C@@](C)(C(=O)Nc2cncc3ccccc23)c2cc(Cl)ccc2S1(=O)=O,CNC(=O)CN1C[C@@](C)(C(=O)Nc2cncc3ccccc23)c2cc(Cl)ccc2S1(=O)=O
338,CC[C@@]1(C(=O)Nc2cncc3ccccc23)CNS(=O)(=O)c2ccc(Cl)cc21,CC[C@@]1(C(=O)Nc2cncc3ccccc23)CNS(=O)(=O)c2ccc(Cl)cc21
341,CNC(=O)C1(N2C[C@@H](C(=O)Nc3cncc4ccccc34)c3cc(Cl)ccc3C2=O)CC1,CNC(=O)C1(N2C[C@@H](C(=O)Nc3cncc4ccccc34)c3cc(Cl)ccc3C2=O)CC1
343,O=C(Nc1cncc2c1CCCC2)[C@@H]1CNS(=O)(=O)c2ccc(Cl)cc21,O=C(Nc1cncc2c1CCCC2)[C@@H]1CNS(=O)(=O)c2ccc(Cl)cc21
344,CNC(=O)CN1C(=O)c2ccc(Cl)cc2[C@H](C(=O)Nc2cncc3cc(S(C)(=O)=O)ccc23)[C@H]1C,CNC(=O)CN1C(=O)c2ccc(Cl)cc2[C@H](C(=O)Nc2cncc3cc(S(C)(=O)=O)ccc23)[C@H]1C
346,CNC(=O)CN1C[C@]2(CCN(c3cncc4ccccc34)C2=O)c2cc(Cl)ccc2C1=O,CNC(=O)CN1C[C@]2(CCN(c3cncc4ccccc34)C2=O)c2cc(Cl)ccc2C1=O
350,C[C@]1(C(=O)Nc2cncc3c2CCCC3)CNS(=O)(=O)c2ccc(Cl)cc21,C[C@]1(C(=O)Nc2cncc3c2CCCC3)CNS(=O)(=O)c2ccc(Cl)cc21
352,C[C@@]1(C(=O)Nc2cncc3c2CCCC3)CNS(=O)(=O)c2ccc(Cl)cc21,C[C@@]1(C(=O)Nc2cncc3c2CCCC3)CNS(=O)(=O)c2ccc(Cl)cc21
354,CNC(=O)C[N@H+]1Cc2ccc(Cl)cc2[C@@]2(CCN(c3cncc4c3CCCC4)C2=O)C1,CNC(=O)C[N@H+]1Cc2ccc(Cl)cc2[C@@]2(CCN(c3cncc4c3CCCC4)C2=O)C1
356,C[NH+](C)CCOc1ccc2cncc(N3CC[C@]4(CN(S(=O)(=O)CC5(C#N)CC5)Cc5ccc(Cl)cc54)C3=O)c2c1,C[NH+](C)CCOc1ccc2cncc(N3CC[C@]4(CN(S(=O)(=O)CC5(C#N)CC5)Cc5ccc(Cl)cc54)C3=O)c2c1
358,CNC(=O)CN1C[C@]2(CCN(c3cncc4ccc(Cl)cc34)C2=O)c2cc(Cl)ccc2C1=O,CNC(=O)CN1C[C@]2(CCN(c3cncc4ccc(Cl)cc34)C2=O)c2cc(Cl)ccc2C1=O
360,CNC(=O)C1(N2C[C@]3(CCN(c4cncc5ccccc45)C3=O)c3cc(Cl)ccc3C2=O)CC1,CNC(=O)C1(N2C[C@]3(CCN(c4cncc5ccccc45)C3=O)c3cc(Cl)ccc3C2=O)CC1
362,O=C(C[N@H+]1Cc2ccc(Cl)cc2[C@@]2(CCN(c3cncc4ccccc34)C2=O)C1)NCC1CC1,O=C(C[N@H+]1Cc2ccc(Cl)cc2[C@@]2(CCN(c3cncc4ccccc34)C2=O)C1)NCC1CC1
366,C[C@H]1CN(c2cncc3ccccc23)C(=O)[C@@]12CN(S(=O)(=O)CC1(C#N)CC1)Cc1ccc(Cl)cc12,C[C@H]1CN(c2cncc3ccccc23)C(=O)[C@@]12CN(S(=O)(=O)CC1(C#N)CC1)Cc1ccc(Cl)cc12
368,CC[C@H]1CN(c2cncc3ccccc23)C(=O)[C@@]12CN(S(=O)(=O)CC1(C#N)CC1)Cc1ccc(Cl)cc12,CC[C@H]1CN(c2cncc3ccccc23)C(=O)[C@@]12CN(S(=O)(=O)CC1(C#N)CC1)Cc1ccc(Cl)cc12
370,N#CC1(CS(=O)(=O)N2Cc3ccc(Cl)cc3[C@@]3(CCCN(c4cncc5ccccc45)C3=O)C2)CC1,N#CC1(CS(=O)(=O)N2Cc3ccc(Cl)cc3[C@@]3(CCCN(c4cncc5ccccc45)C3=O)C2)CC1
372,CS(=O)(=O)NCCc1ccccc1,CS(=O)(=O)NCCc1ccccc1
373,CC(=O)NCCc1c[nH]c2ccc(F)cc12,CC(=O)NCCc1c[nH]c2ccc(F)cc12
374,CC(=O)Nc1cnccc1C,CC(=O)Nc1cnccc1C
375,COC(=O)c1ccc(S(N)(=O)=O)cc1,COC(=O)c1ccc(S(N)(=O)=O)cc1
376,C[NH+]1CCN(C(=O)Nc2ccccc2)CC1,C[NH+]1CCN(C(=O)Nc2ccccc2)CC1
377,NC(=O)C1CCN(C(=O)Nc2ccccc2)CC1,NC(=O)C1CCN(C(=O)Nc2ccccc2)CC1
378,CC(=O)Nc1ccc(Oc2ncccn2)cc1,CC(=O)Nc1ccc(Oc2ncccn2)cc1
379,CN1CCCc2ccc(S(N)(=O)=O)cc21,CN1CCCc2ccc(S(N)(=O)=O)cc21
380,CCNc1ccc(C#N)cn1,CCNc1ccc(C#N)cn1
381,CC(=O)NCc1ccc(S(N)(=O)=O)cc1,CC(=O)NCc1ccc(S(N)(=O)=O)cc1
382,Fc1cccc(C[NH2+]Cc2ccco2)c1,Fc1cccc(C[NH2+]Cc2ccco2)c1
383,Cc1ccc(OCC(=O)N2CC[NH+](C)CC2)cc1,Cc1ccc(OCC(=O)N2CC[NH+](C)CC2)cc1
384,O=C(c1ccc2c(c1)OCO2)N1CCCCCC1,O=C(c1ccc2c(c1)OCO2)N1CCCCCC1
385,O[C@H]1CC[N@@H+](Cc2ccsc2)CC1,O[C@H]1CC[N@@H+](Cc2ccsc2)CC1
386,Oc1ccccc1CNc1nc2ccccc2[nH]1,Oc1ccccc1CNc1nc2ccccc2[nH]1
387,Cc1nnc(C[N@H+]2CCC=C(F)C2)s1,Cc1nnc(C[N@H+]2CCC=C(F)C2)s1
388,Cc1cc(CN(C)C(=O)NC2CC2)no1,Cc1cc(CN(C)C(=O)NC2CC2)no1
389,c1ccc(SCC[NH+]2CCOCC2)cc1,c1ccc(SCC[NH+]2CCOCC2)cc1
390,c1cnc(N2CC[C@]3(CCOC3)C2)cn1,c1cnc(N2CC[C@]3(CCOC3)C2)cn1
391,O=C(NCCc1ccncc1)c1ccccc1F,O=C(NCCc1ccncc1)c1ccccc1F
392,O=C(Nc1ccccc1)Nc1cccnc1,O=C(Nc1ccccc1)Nc1cccnc1
393,C[C@@H]1[C@@H](O)CCC[N@@H+]1Cc1ccccc1,C[C@@H]1[C@@H](O)CCC[N@@H+]1Cc1ccccc1
394,COC(=O)c1cccc(NS(C)(=O)=O)c1,COC(=O)c1cccc(NS(C)(=O)=O)c1
395,NC(=O)c1ccc(NC(=O)[C@@H]2CCCO2)cc1,NC(=O)c1ccc(NC(=O)[C@@H]2CCCO2)cc1
396,O=C(NCCc1ccncc1)NC1CCCCC1,O=C(NCCc1ccncc1)NC1CCCCC1
397,Clc1cccc(C[N@@H+]2C=COCC2)c1,Clc1cccc(C[N@@H+]2C=COCC2)c1
398,O=C(CC1CCCCC1)Nc1cccnc1,O=C(CC1CCCCC1)Nc1cccnc1
399,CC(=O)N1CCN(S(=O)(=O)c2cccs2)CC1,CC(=O)N1CCN(S(=O)(=O)c2cccs2)CC1
400,CC(=O)N1CCN(S(=O)(=O)c2cccc(F)c2)CC1,CC(=O)N1CCN(S(=O)(=O)c2cccc(F)c2)CC1
401,CC(=O)N1CC[NH+](Cc2cccc(C)c2)CC1,CC(=O)N1CC[NH+](Cc2cccc(C)c2)CC1
402,CC(=O)N1CCN(C(=O)c2ccc(C)cc2)CC1,CC(=O)N1CCN(C(=O)c2ccc(C)cc2)CC1
403,CC(=O)NNC(=O)c1cc2c(s1)CCCC2,CC(=O)NNC(=O)c1cc2c(s1)CCCC2
404,CC(=O)N1CCN(S(=O)(=O)c2ccc(C)cc2)CC1,CC(=O)N1CCN(S(=O)(=O)c2ccc(C)cc2)CC1
405,CC(=O)N1CCN(c2ccccc2[N+](=O)[O-])CC1,CC(=O)N1CCN(c2ccccc2[N+](=O)[O-])CC1
406,CC(=O)N1CCN(C(=O)c2ccco2)CC1,CC(=O)N1CCN(C(=O)c2ccco2)CC1
407,CC(=O)N1CCC[C@@H](c2nc3ccccc3s2)C1,CC(=O)N1CCC[C@@H](c2nc3ccccc3s2)C1
408,CC(=O)NCc1ccc2c(c1)OCO2,CC(=O)NCc1ccc2c(c1)OCO2
409,CC(=O)N1CCN(S(=O)(=O)c2c(F)cccc2F)CC1,CC(=O)N1CCN(S(=O)(=O)c2c(F)cccc2F)CC1
410,CC(=O)N1CCO[C@@H](c2ccc(F)cc2)C1,CC(=O)N1CCO[C@@H](c2ccc(F)cc2)C1
411,CC(=O)N1CCN(S(=O)(=O)c2ccccc2F)CC1,CC(=O)N1CCN(S(=O)(=O)c2ccccc2F)CC1
412,CC(=O)N1CC[NH+](Cc2cccc(Cl)c2)CC1,CC(=O)N1CC[NH+](Cc2cccc(Cl)c2)CC1
413,CC(=O)N1CCN(S(=O)(=O)c2ccc(C)cc2C)CC1,CC(=O)N1CCN(S(=O)(=O)c2ccc(C)cc2C)CC1
414,CC(=O)N1CCN(S(=O)(=O)c2ccccc2C#N)CC1,CC(=O)N1CCN(S(=O)(=O)c2ccccc2C#N)CC1
415,CC(=O)Nc1cccc(C(=O)N2CCSCC2)c1,CC(=O)Nc1cccc(C(=O)N2CCSCC2)c1
416,CC(=O)N[C@@H](C)c1cccc2ccccc12,CC(=O)N[C@@H](C)c1cccc2ccccc12
417,CC(=O)N1CC[NH+](Cc2cccc3ccccc23)CC1,CC(=O)N1CC[NH+](Cc2cccc3ccccc23)CC1
418,CC(=O)N1C=C[N@@H+](Cc2ccccc2C)CCC1,CC(=O)N1C=C[N@@H+](Cc2ccccc2C)CCC1
419,NC(=O)[C@H]1CCC[C@H]1c1ccsc1,NC(=O)[C@H]1CCC[C@H]1c1ccsc1
420,OCC1(c2ccccn2)CCCC1,OCC1(c2ccccn2)CCCC1
421,NS(=O)(=O)c1ccc(Br)cc1,NS(=O)(=O)c1ccc(Br)cc1
422,CC(=O)N[C@@H](Cc1ccc(O)cc1)C(=O)NCC#CBr,CC(=O)N[C@@H](Cc1ccc(O)cc1)C(=O)NCC#CBr
423,CCCNC(=O)[C@H](NC(C)=O)[C@@H](C)O,CCCNC(=O)[C@H](NC(C)=O)[C@@H](C)O
424,C=CCNC(=O)[C@H](CC(N)=O)NC(C)=O,C=CCNC(=O)[C@H](CC(N)=O)NC(C)=O
425,CCC(N)=[NH2+],CCC(N)=[NH2+]
426,Nc1cncnc1,Nc1cncnc1
427,Cc1ccncc1NC(=O)CNc1cc[nH+]c2ccccc12,Cc1ccncc1NC(=O)CNc1cc[nH+]c2ccccc12
428,O=c1cccc[nH]1,O=c1cccc[nH]1
429,C=C(C(=O)Nc1ccccc1)c1cccnc1,C=C(C(=O)Nc1ccccc1)c1cccnc1
430,CS(=O)(=O)NCCN1CCCc2ccc(S(N)(=O)=O)cc21,CS(=O)(=O)NCCN1CCCc2ccc(S(N)(=O)=O)cc21
431,CC(C)(C)NC(=O)[C@@H](Nc1ccc(CCC#N)cc1)c1cccnc1,CC(C)(C)NC(=O)[C@@H](Nc1ccc(CCC#N)cc1)c1cccnc1
432,O=S1(=O)CC(O)C1,O=S1(=O)CC(O)C1
433,CC(=O)N1CC[NH+](CCNC(=O)c2cccc3ccccc23)CC1,CC(=O)N1CC[NH+](CCNC(=O)c2cccc3ccccc23)CC1
434,CC(=O)N1CC[NH+](Cc2cnc(Cc3ccccc3)s2)CC1,CC(=O)N1CC[NH+](Cc2cnc(Cc3ccccc3)s2)CC1
435,CC(=O)N[C@@H](C)c1cc(F)cc(Cl)c1,CC(=O)N[C@@H](C)c1cc(F)cc(Cl)c1
436,N#Cc1cncc(NC(=O)Cc2cccnc2)c1,N#Cc1cncc(NC(=O)Cc2cccnc2)c1
437,O=C(Cc1cccc(Cl)c1)Nc1cccnc1,O=C(Cc1cccc(Cl)c1)Nc1cccnc1
438,O=C(Nc1cccnc1)N(CCC1CCCCC1)c1cccc(Cl)c1,O=C(Nc1cccnc1)N(CCC1CCCCC1)c1cccc(Cl)c1
439,O=C(Nc1cccnc1)N(CC[NH+]1CCOCC1)c1cccc(Cl)c1,O=C(Nc1cccnc1)N(CC[NH+]1CCOCC1)c1cccc(Cl)c1
440,Cc1ccncc1NC(=O)Cc1cccc(C(F)(F)F)c1,Cc1ccncc1NC(=O)Cc1cccc(C(F)(F)F)c1
441,Cc1ccc(CC(=O)Nc2cnccc2C)cc1,Cc1ccc(CC(=O)Nc2cnccc2C)cc1
442,CCC(=O)N1CC[NH+](Cc2ccc(F)cc2)CC1,CCC(=O)N1CC[NH+](Cc2ccc(F)cc2)CC1
443,CC(=O)N1CC[N@H+](Cc2cccc(Cl)c2)[C@@H](CC(C)C)C1,CC(=O)N1CC[N@H+](Cc2cccc(Cl)c2)[C@@H](CC(C)C)C1
444,Cc1ccncc1NC(=O)Cc1cncc(C#N)c1,Cc1ccncc1NC(=O)Cc1cncc(C#N)c1
445,Cc1cc(NC(=O)Cc2cncnc2)cc(O[C@H]2CC(=O)N2)c1,Cc1cc(NC(=O)Cc2cncnc2)cc(O[C@H]2CC(=O)N2)c1
446,O=C(Nc1nncn1C1CC1)[C@@H]1CCOc2ccc(Cl)cc21,O=C(Nc1nncn1C1CC1)[C@@H]1CCOc2ccc(Cl)cc21
447,Cc1ccncc1NC(=O)[C@@H](c1cccc(Cl)c1)C(C)C,Cc1ccncc1NC(=O)[C@@H](c1cccc(Cl)c1)C(C)C
448,CC[C@H](C(=O)Nc1cnncc1C)c1cccc(Cl)c1,CC[C@H](C(=O)Nc1cnncc1C)c1cccc(Cl)c1
449,Cc1ccnc(C)c1NC(=O)Cc1cccc(Cl)c1,Cc1ccnc(C)c1NC(=O)Cc1cccc(Cl)c1
450,O=C(Nc1cnccc1CO)[C@@H]1COc2ccc(Cl)cc21,O=C(Nc1cnccc1CO)[C@@H]1COc2ccc(Cl)cc21
451,COc1ccccc1OCCNC(=O)c1cc(=O)[nH]c2cc(F)ccc12,COc1ccccc1OCCNC(=O)c1cc(=O)[nH]c2cc(F)ccc12
452,Cc1ccncc1NC(=O)Cc1cccc(O)c1,Cc1ccncc1NC(=O)Cc1cccc(O)c1
453,O=C(Cc1cccnc1)Nc1cccc(O[C@H]2CC(=O)N2)c1,O=C(Cc1cccnc1)Nc1cccc(O[C@H]2CC(=O)N2)c1
454,C[C@@H](C(=O)Nc1cnccc1-n1cccn1)c1cccc(Cl)c1,C[C@@H](C(=O)Nc1cnccc1-n1cccn1)c1cccc(Cl)c1
455,O=C(Cc1cncnc1)Nc1cc(F)cc(O[C@H]2CC(=O)N2)c1,O=C(Cc1cncnc1)Nc1cc(F)cc(O[C@H]2CC(=O)N2)c1
456,Cc1ccncc1NC(=O)C1(c2cccc(Cl)c2)CC1,Cc1ccncc1NC(=O)C1(c2cccc(Cl)c2)CC1
457,Cc1ccncc1NC(=O)[C@H](c1cccc(Cl)c1)[NH+](C)C,Cc1ccncc1NC(=O)[C@H](c1cccc(Cl)c1)[NH+](C)C
458,Cc1ccncc1NC(=O)C(F)(F)c1cccc(Cl)c1,Cc1ccncc1NC(=O)C(F)(F)c1cccc(Cl)c1
459,O=C(NCCNc1ccccc1)c1cc(=O)[nH]c2ccccc12,O=C(NCCNc1ccccc1)c1cc(=O)[nH]c2ccccc12
460,Cc1ccncc1NC(=O)Cc1cccc(F)c1,Cc1ccncc1NC(=O)Cc1cccc(F)c1
461,COc1ccccc1OCCN(C)C(=O)c1cc(=O)[nH]c2ccccc12,COc1ccccc1OCCN(C)C(=O)c1cc(=O)[nH]c2ccccc12
462,C[NH2+]CC[C@H](C(=O)Nc1cccnc1)c1ccccc1,C[NH2+]CC[C@H](C(=O)Nc1cccnc1)c1ccccc1
463,Cc1ccncc1NC(=O)C(C)(C)c1cccc(Cl)c1,Cc1ccncc1NC(=O)C(C)(C)c1cccc(Cl)c1
464,CCC[C@@H](C(=O)Nc1cnccc1C)c1cccc(Cl)c1,CCC[C@@H](C(=O)Nc1cnccc1C)c1cccc(Cl)c1
466,Cc1ccncc1NC(=O)[C@H](C)CC1CC1,Cc1ccncc1NC(=O)[C@H](C)CC1CC1
467,Cc1ccncc1NC(=O)C[C@H](C)C(C)C,Cc1ccncc1NC(=O)C[C@H](C)C(C)C
468,Cc1ccncc1NC(=O)[C@@H]1CCC2(CC2)C1,Cc1ccncc1NC(=O)[C@@H]1CCC2(CC2)C1
469,Cc1ccncc1NC(=O)C[C@@]12CCC[C@@H]1C2,Cc1ccncc1NC(=O)C[C@@]12CCC[C@@H]1C2
470,Cc1ccncc1NC(=O)CC(C)(C)c1ccccc1,Cc1ccncc1NC(=O)CC(C)(C)c1ccccc1
471,O=C(Cc1cccnc1)N1CCC[C@H]1c1noc(C2CC2)n1,O=C(Cc1cccnc1)N1CCC[C@H]1c1noc(C2CC2)n1
472,Cc1ccnc(N)c1NC(=O)Cc1cccc(Cl)c1,Cc1ccnc(N)c1NC(=O)Cc1cccc(Cl)c1
473,CC(=O)NCCc1c[nH]c2c(C[NH+]3CCN(C(C)=O)CC3)cccc12,CC(=O)NCCc1c[nH]c2c(C[NH+]3CCN(C(C)=O)CC3)cccc12
474,CC(=O)N1Cc2ccccc2[C@@H](c2cccc(C)c2)C1,CC(=O)N1Cc2ccccc2[C@@H](c2cccc(C)c2)C1
476,COc1ccccc1O[C@H](C)CNC(=O)c1cc(=O)[nH]c2ccc(F)cc12,COc1ccccc1O[C@H](C)CNC(=O)c1cc(=O)[nH]c2ccc(F)cc12
477,O=c1[nH]c(-c2cccnc2)c([O-])n1-c1cccc(Cl)c1,O=c1[nH]c(-c2cccnc2)c([O-])n1-c1cccc(Cl)c1
478,Cc1ccncc1NC(=O)[C@H]1CCC12CCC2,Cc1ccncc1NC(=O)[C@H]1CCC12CCC2
479,Cc1ccncc1NC(=O)[C@H]1C[C@H](C2CC2)C1,Cc1ccncc1NC(=O)[C@H]1C[C@H](C2CC2)C1
480,Cc1ccncc1NC(=O)Cc1cccc(I)c1,Cc1ccncc1NC(=O)Cc1cccc(I)c1
481,Cc1ccncc1NC(=O)Cc1cccc(C2CC2)c1,Cc1ccncc1NC(=O)Cc1cccc(C2CC2)c1
482,Cc1ccncc1NC(=O)C[C@H]1C[C@@H]2C[C@@H]2C1,Cc1ccncc1NC(=O)C[C@H]1C[C@@H]2C[C@@H]2C1
483,Cc1ccncc1NC(=O)CCc1ccccc1F,Cc1ccncc1NC(=O)CCc1ccccc1F
484,O=C(Cc1cccc(Cl)c1)Nn1cn[nH]c1=O,O=C(Cc1cccc(Cl)c1)Nn1cn[nH]c1=O
485,Cc1ccncc1NS(=O)(=O)c1cccc(Cl)c1,Cc1ccncc1NS(=O)(=O)c1cccc(Cl)c1
486,Cc1ccncc1NC(=O)[C@@]1(C#N)CCOC1,Cc1ccncc1NC(=O)[C@@]1(C#N)CCOC1
487,Cc1ccncc1NC(=O)[C@H]1[C@@H]2CCCC[C@@H]21,Cc1ccncc1NC(=O)[C@H]1[C@@H]2CCCC[C@@H]21
488,Cc1ccncc1NC(=O)CN1C(=O)COc2ccc(Cl)cc21,Cc1ccncc1NC(=O)CN1C(=O)COc2ccc(Cl)cc21
489,CC(=O)Nc1ccncc1NC(=O)[C@@H]1Cc2ccc(F)cc21,CC(=O)Nc1ccncc1NC(=O)[C@@H]1Cc2ccc(F)cc21
490,CC(=O)N1Cc2ccccc2[C@@H](c2cccc(C#N)c2)C1,CC(=O)N1Cc2ccccc2[C@@H](c2cccc(C#N)c2)C1
491,Cc1ccncc1NC(=O)Cn1ccc2ccc(Cl)cc21,Cc1ccncc1NC(=O)Cn1ccc2ccc(Cl)cc21
492,COc1ccccc1OCCNC(=O)c1cc[nH]c(=O)c1,COc1ccccc1OCCNC(=O)c1cc[nH]c(=O)c1
493,CC(=O)NNC(=O)[C@@H]1Cc2ccccc2CN1C(C)=O,CC(=O)NNC(=O)[C@@H]1Cc2ccccc2CN1C(C)=O
494,Cc1ccncc1NC(=O)Cc1cncc(Cl)c1,Cc1ccncc1NC(=O)Cc1cncc(Cl)c1
495,CC(=O)N1CCC[C@@H]([N@H+](CC2CCCCC2)[C@H]2CC[C@H](O)CC2)C1,CC(=O)N1CCC[C@@H]([N@H+](CC2CCCCC2)[C@H]2CC[C@H](O)CC2)C1
496,Cc1ccncc1NC(=O)Cn1ccc2ccc(F)cc21,Cc1ccncc1NC(=O)Cn1ccc2ccc(F)cc21
497,Cc1ccncc1NC(=O)Cc1cccc(O[C@@H]2CC(=O)N2)c1,Cc1ccncc1NC(=O)Cc1cccc(O[C@@H]2CC(=O)N2)c1
498,N#Cc1ccc(N2CCCOCC2)cn1,N#Cc1ccc(N2CCCOCC2)cn1
499,Cc1ccncc1NC(=O)C1(c2cccc(Cl)c2)CC(=O)C1,Cc1ccncc1NC(=O)C1(c2cccc(Cl)c2)CC(=O)C1
500,Cc1ccncc1NC(=O)Cc1cc(Cl)cc(O[C@@H]2CC(=O)N2)c1,Cc1ccncc1NC(=O)Cc1cc(Cl)cc(O[C@@H]2CC(=O)N2)c1
501,O=C(Nc1cccnc1)NC1(Cc2ccccc2)CCOCC1,O=C(Nc1cccnc1)NC1(Cc2ccccc2)CCOCC1
502,Cc1ccncc1NC(=O)CC1CC2(CC2)C1,Cc1ccncc1NC(=O)CC1CC2(CC2)C1
503,O=Cc1cccc2[nH]ccc12,O=Cc1cccc2[nH]ccc12
504,CNc1ccc(N(Cc2ccsc2)C(=O)Cn2nnc3ccccc32)cc1,CNc1ccc(N(Cc2ccsc2)C(=O)Cn2nnc3ccccc32)cc1
505,COc1ccncc1NC(=O)[C@@H](O)c1cccc(Br)c1,COc1ccncc1NC(=O)[C@@H](O)c1cccc(Br)c1
506,COc1ccc(Br)cc1[C@@H]([NH3+])C(=O)Nc1cnccc1C,COc1ccc(Br)cc1[C@@H]([NH3+])C(=O)Nc1cnccc1C
507,Cc1cc(F)ccc1CS(N)(=O)=O,Cc1cc(F)ccc1CS(N)(=O)=O
508,COC[C@H](NC(=O)C[C@@H]1C(=O)Nc2ccc(F)cc21)c1cccc(Br)c1,COC[C@H](NC(=O)C[C@@H]1C(=O)Nc2ccc(F)cc21)c1cccc(Br)c1
510,O=C(Nc1ccc(N(Cc2ccsc2)C(=O)Cn2nnc3ccccc32)cc1)C1CC1,O=C(Nc1ccc(N(Cc2ccsc2)C(=O)Cn2nnc3ccccc32)cc1)C1CC1
511,CCC(=O)Nc1ccc(N(Cc2ccsc2)C(=O)Cn2nnc3ccccc32)cc1,CCC(=O)Nc1ccc(N(Cc2ccsc2)C(=O)Cn2nnc3ccccc32)cc1
512,CN(C)c1ccc(N(Cc2ccsc2)C(=O)Cn2nnc3ccccc32)cc1,CN(C)c1ccc(N(Cc2ccsc2)C(=O)Cn2nnc3ccccc32)cc1
513,CC[C@@](O)(C(=O)Nc1cnccc1C)c1cccc(Cl)c1,CC[C@@](O)(C(=O)Nc1cnccc1C)c1cccc(Cl)c1
514,CS(=O)(=O)NCC[C@@H](C(=O)Nc1cccnc1)c1ccccc1,CS(=O)(=O)NCC[C@@H](C(=O)Nc1cccnc1)c1ccccc1
517,CC(=O)Nc1nc2c(S(=O)(=O)NCCc3ccccc3)cccc2s1,CC(=O)Nc1nc2c(S(=O)(=O)NCCc3ccccc3)cccc2s1
518,Cc1ccncc1NC(=O)[C@H](C)c1cncc(Cl)c1,Cc1ccncc1NC(=O)[C@H](C)c1cncc(Cl)c1
519,O=C(Nc1nncn1C1CC1)[C@H]1CCOc2ccc(Cl)cc21,O=C(Nc1nncn1C1CC1)[C@H]1CCOc2ccc(Cl)cc21
520,C[NH+]1CCN(C(=O)Cc2c[nH]c3ncccc23)CC1,C[NH+]1CCN(C(=O)Cc2c[nH]c3ncccc23)CC1
521,O=C(Nc1cnccc1CO)[C@@H]1CCOc2ccc(Cl)cc21,O=C(Nc1cnccc1CO)[C@@H]1CCOc2ccc(Cl)cc21
523,Cc1cncc(NC(=O)Cc2cccc(Cl)c2)c1,Cc1cncc(NC(=O)Cc2cccc(Cl)c2)c1
524,CCc1ccncc1NC(=O)Cc1cccc(C(F)(F)F)n1,CCc1ccncc1NC(=O)Cc1cccc(C(F)(F)F)n1
525,O=C(Nc1cccnc1)Nc1cccc(Cl)c1,O=C(Nc1cccnc1)Nc1cccc(Cl)c1
526,NS(=O)(=O)c1ccc2c(c1)[C@H](O)C(=O)N2,NS(=O)(=O)c1ccc2c(c1)[C@H](O)C(=O)N2
527,Cc1ccncc1CC(=O)Nc1cccc(Cl)c1,Cc1ccncc1CC(=O)Nc1cccc(Cl)c1
528,Cc1cnncc1NC(=O)Cc1cccc(Cl)c1,Cc1cnncc1NC(=O)Cc1cccc(Cl)c1
529,Cc1[nH]ncc1NC(=O)Cc1cccc(Cl)c1,Cc1[nH]ncc1NC(=O)Cc1cccc(Cl)c1
530,Cc1ccncc1N(C)C(=O)Cc1cccc(Cl)c1,Cc1ccncc1N(C)C(=O)Cc1cccc(Cl)c1
531,Cc1ccncc1NC(=O)[C@H](C)C1CCCCC1,Cc1ccncc1NC(=O)[C@H](C)C1CCCCC1
532,O=C(Nc1nncn1C1CC1)[C@@H]1CCOc2ccccc21,O=C(Nc1nncn1C1CC1)[C@@H]1CCOc2ccccc21
533,Cn1ccc(CN(C(=O)Cc2cccnc2)c2ccc(-c3ccccn3)cc2)n1,Cn1ccc(CN(C(=O)Cc2cccnc2)c2ccc(-c3ccccn3)cc2)n1
534,O=C(Nc1nncn1C1CC1)[C@@H]1COc2ccc(Cl)cc21,O=C(Nc1nncn1C1CC1)[C@@H]1COc2ccc(Cl)cc21
535,Nc1ccc(S(=O)(=O)Nc2ccccn2)cc1,Nc1ccc(S(=O)(=O)Nc2ccccn2)cc1
536,COC(=O)c1cc(Br)cc2c1NC(=O)[C@@H]2O,COC(=O)c1cc(Br)cc2c1NC(=O)[C@@H]2O
537,Cc1cccc(COC(=O)c2cccc3c2NC(=O)[C@@H]3O)c1,Cc1cccc(COC(=O)c2cccc3c2NC(=O)[C@@H]3O)c1
538,Oc1c(O)n(Cc2ncon2)c2ccc(Br)cc12,Oc1c(O)n(Cc2ncon2)c2ccc(Br)cc12
539,Cc1c([C@@H](C)C(=O)[O-])ccc2c1[nH]c1ccc(Cl)cc12,Cc1c([C@@H](C)C(=O)[O-])ccc2c1[nH]c1ccc(Cl)cc12
540,Cc1ccncc1NC(=O)C[C@H](c1ccsc1)[N@H+]1CC[C@H](O)CC1,Cc1ccncc1NC(=O)C[C@H](c1ccsc1)[N@H+]1CC[C@H](O)CC1
541,O=C(Nc1nncn1-c1ccccc1)[C@@H]1COc2ccc(Cl)cc21,O=C(Nc1nncn1-c1ccccc1)[C@@H]1COc2ccc(Cl)cc21
542,C[C@@]1(C(=O)Nc2nncn2C2CC2)CCOc2ccccc21,C[C@@]1(C(=O)Nc2nncn2C2CC2)CCOc2ccccc21
543,COc1ccc(Cn2c(O)c(O)c3cc(Br)cc(C)c32)cc1OC,COc1ccc(Cn2c(O)c(O)c3cc(Br)cc(C)c32)cc1OC
544,CCOc1ccccc1Cn1c(O)c(O)c2cc(Br)ccc21,CCOc1ccccc1Cn1c(O)c(O)c2cc(Br)ccc21
545,COc1cc(Cl)cc(CC(=O)Nc2cnccc2C)c1,COc1cc(Cl)cc(CC(=O)Nc2cnccc2C)c1
546,COc1ccccc1OCCNC(=O)c1cc(=O)[nH]c2cccc(F)c12,COc1ccccc1OCCNC(=O)c1cc(=O)[nH]c2cccc(F)c12
547,COc1ccccc1OCCNC(=O)c1cc(=O)[nH]c2cccc(OC)c12,COc1ccccc1OCCNC(=O)c1cc(=O)[nH]c2cccc(OC)c12
548,COc1ccccc1OCCNC(=O)c1cc(=O)[nH]c2cccc(C)c12,COc1ccccc1OCCNC(=O)c1cc(=O)[nH]c2cccc(C)c12
549,Cc1c(N)cncc1NC(=O)Cc1cccc(Cl)c1,Cc1c(N)cncc1NC(=O)Cc1cccc(Cl)c1
550,Cc1c(N)cncc1NC(=O)Cc1cccc(C#N)c1,Cc1c(N)cncc1NC(=O)Cc1cccc(C#N)c1
551,C[C@H]1CN(C(=O)Cn2cccn2)C=CO1,C[C@H]1CN(C(=O)Cn2cccn2)C=CO1
552,Cc1ccncc1NC(=O)[C@@H]1C[C@H]1CF,Cc1ccncc1NC(=O)[C@@H]1C[C@H]1CF
553,Cc1cc(C)cc(CC(=O)Nc2nncn2C)c1,Cc1cc(C)cc(CC(=O)Nc2nncn2C)c1
554,Cc1ccncc1CC(=O)Nc1cccc2c1C[NH2+]CC2,Cc1ccncc1CC(=O)Nc1cccc2c1C[NH2+]CC2
555,O=C(c1cc(=O)[nH]c2ccccc12)N1CCN(c2ccccc2F)CC1,O=C(c1cc(=O)[nH]c2ccccc12)N1CCN(c2ccccc2F)CC1
556,Cc1ccncc1NC(=O)Cc1cccc(Br)c1,Cc1ccncc1NC(=O)Cc1cccc(Br)c1
557,CC(=O)Nc1ccncc1NC(=O)[C@@H](C)c1cccc(Cl)c1,CC(=O)Nc1ccncc1NC(=O)[C@@H](C)c1cccc(Cl)c1
558,CC(=O)N1CC[NH+](CC(=O)Nc2cnccc2C)CC1,CC(=O)N1CC[NH+](CC(=O)Nc2cnccc2C)CC1
559,O=C(Cc1cccc(Cl)c1)Nc1cccc2[nH]ncc12,O=C(Cc1cccc(Cl)c1)Nc1cccc2[nH]ncc12
560,O[C@@H](Cc1cccc(Cl)c1)Cn1cncn1,O[C@@H](Cc1cccc(Cl)c1)Cn1cncn1
561,Cc1ccncc1NC(=O)CCc1cccc(F)c1,Cc1ccncc1NC(=O)CCc1cccc(F)c1
562,Cc1ccncc1NC(=O)C[NH+]1CCCCC1,Cc1ccncc1NC(=O)C[NH+]1CCCCC1
563,O=C(Cc1cccc(Cl)c1)Nc1cncc2c1CCCC2,O=C(Cc1cccc(Cl)c1)Nc1cncc2c1CCCC2
564,CN(Cc1cccc(Cl)c1)C(=O)Cn1nnc2ccccc21,CN(Cc1cccc(Cl)c1)C(=O)Cn1nnc2ccccc21
566,C#Cc1cccc(CC(=O)Nc2cncc3ccccc23)c1,C#Cc1cccc(CC(=O)Nc2cncc3ccccc23)c1
567,Cn1cncc1NC(=O)Cc1cccc(Cl)c1,Cn1cncc1NC(=O)Cc1cccc(Cl)c1
568,Cc1ccncc1-n1ccn(-c2cccc(Cl)c2)c1=O,Cc1ccncc1-n1ccn(-c2cccc(Cl)c2)c1=O
569,Cc1ccnnc1NC(=O)Cc1cccc(Cl)c1,Cc1ccnnc1NC(=O)Cc1cccc(Cl)c1
570,COC(=O)[C@@H](C(=O)Nc1cnccc1C)c1cccc(Cl)c1,COC(=O)[C@@H](C(=O)Nc1cnccc1C)c1cccc(Cl)c1
571,O=C(Cc1cccc(Cl)c1)Nc1ncn2ccccc12,O=C(Cc1cccc(Cl)c1)Nc1ncn2ccccc12
572,O=C(Nc1cncc2ccccc12)[C@@H]1CCOc2ccc(Cl)cc21,O=C(Nc1cncc2ccccc12)[C@@H]1CCOc2ccc(Cl)cc21
573,O=C(Cc1cccc(Cl)c1)Nc1cncc2ccncc12,O=C(Cc1cccc(Cl)c1)Nc1cncc2ccncc12
574,CN(C(=O)Cc1cccc(Cl)c1)c1cncc2ccccc12,CN(C(=O)Cc1cccc(Cl)c1)c1cncc2ccccc12
575,O=C(Cc1cccc(Cl)c1)Nc1cnccc1-c1ccccc1,O=C(Cc1cccc(Cl)c1)Nc1cnccc1-c1ccccc1
576,O=C(Cc1cccc(Cl)c1)Nc1nncc2ccccc12,O=C(Cc1cccc(Cl)c1)Nc1nncc2ccccc12
577,Cc1ccncc1NC(=O)CCc1cccc(Cl)c1,Cc1ccncc1NC(=O)CCc1cccc(Cl)c1
578,O=C(Cc1cccc(Cl)c1)Nc1cncc2cccnc12,O=C(Cc1cccc(Cl)c1)Nc1cncc2cccnc12
579,O=C(Cc1cccc(Cl)c1)Nc1cn[nH]c1,O=C(Cc1cccc(Cl)c1)Nc1cn[nH]c1
580,Cc1[nH]ncc1CC(=O)Nc1cccc(Cl)c1,Cc1[nH]ncc1CC(=O)Nc1cccc(Cl)c1
581,O=C(Cc1cccc(Cl)c1)Nc1cncc2cnccc12,O=C(Cc1cccc(Cl)c1)Nc1cncc2cnccc12
582,O=C(Cc1cccc(Cl)c1)Nc1cnccc1C1CC1,O=C(Cc1cccc(Cl)c1)Nc1cnccc1C1CC1
584,Cc1ccncc1NC(=O)[C@H](CO)c1cccc(Cl)c1,Cc1ccncc1NC(=O)[C@H](CO)c1cccc(Cl)c1
585,Cc1ccncc1NC(=O)[C@H](C)OC(F)F,Cc1ccncc1NC(=O)[C@H](C)OC(F)F
586,CCCCOc1ccc(Cl)cc1CC(=O)Nc1cnccc1C,CCCCOc1ccc(Cl)cc1CC(=O)Nc1cnccc1C
587,Cc1ccncc1NC(=O)Cc1cc(Cl)cc(-c2ccc(C)c(F)c2F)c1,Cc1ccncc1NC(=O)Cc1cc(Cl)cc(-c2ccc(C)c(F)c2F)c1
588,CSC1=NC(=[NH+]C(C)=O)[C@@H](C#N)C2(CCCCC2)[C@H]1C#N,CSC1=NC(=[NH+]C(C)=O)[C@@H](C#N)C2(CCCCC2)[C@H]1C#N
589,CC(=O)c1cc(C)n(NC(=O)c2n[nH]c(=O)c3ccccc23)c1C,CC(=O)c1cc(C)n(NC(=O)c2n[nH]c(=O)c3ccccc23)c1C
590,CC(=O)c1c(C)c(C(=O)c2ccc(F)cc2)n2ccccc12,CC(=O)c1c(C)c(C(=O)c2ccc(F)cc2)n2ccccc12
591,COc1ccc(Cl)cc1CC(=O)Nc1cncc2ccccc12,COc1ccc(Cl)cc1CC(=O)Nc1cncc2ccccc12
593,O=C(c1cc(=O)[nH]c2ccccc12)N1CCN(c2cccc(C(F)(F)F)c2)CC1,O=C(c1cc(=O)[nH]c2ccccc12)N1CCN(c2cccc(C(F)(F)F)c2)CC1
594,OC[C@H]1CN(Cc2ccccc2)CCO1,OC[C@H]1CN(Cc2ccccc2)CCO1
595,Cc1ccncc1NC(=O)[C@@H](C)c1cc(Cl)cc(O[C@@H]2CC(=O)N2)c1,Cc1ccncc1NC(=O)[C@@H](C)c1cc(Cl)cc(O[C@@H]2CC(=O)N2)c1
596,COc1cccc(Oc2cc(Cl)cc(NC(=O)Cc3cncc4ccccc34)c2)n1,COc1cccc(Oc2cc(Cl)cc(NC(=O)Cc3cncc4ccccc34)c2)n1
597,Cc1ccncc1NC(=O)[C@@H](C)OC(F)F,Cc1ccncc1NC(=O)[C@@H](C)OC(F)F
598,Cc1noc(COc2cc(Cl)cc(CC(=O)Nc3cnccc3C)c2)n1,Cc1noc(COc2cc(Cl)cc(CC(=O)Nc3cnccc3C)c2)n1
599,O=C(Cc1cccc(Cl)c1)Nc1cncc2nc[nH]c12,O=C(Cc1cccc(Cl)c1)Nc1cncc2nc[nH]c12
600,Cc1ccncc1NC(=O)Cc1cc(Cl)cc(NS(N)(=O)=O)c1,Cc1ccncc1NC(=O)Cc1cc(Cl)cc(NS(N)(=O)=O)c1
601,COc1ccc2nnn(CC(=O)N(Cc3ccccn3)c3ccc(C4CC[NH2+]CC4)cc3)c2c1,COc1ccc2nnn(CC(=O)N(Cc3ccccn3)c3ccc(C4CC[NH2+]CC4)cc3)c2c1
602,Cc1ccncc1NC(=O)Cc1cc(Cl)cc(N[C@H]2CCC[C@@H]2O)c1,Cc1ccncc1NC(=O)Cc1cc(Cl)cc(N[C@H]2CCC[C@@H]2O)c1
604,CN(C)c1ccc(N(Cc2ccsc2)C(=O)Cc2cncc3ccccc23)cc1,CN(C)c1ccc(N(Cc2ccsc2)C(=O)Cc2cncc3ccccc23)cc1
605,CN(C)c1ccc(N(Cc2cc[nH]n2)C(=O)Cn2nnc3ccccc32)cc1,CN(C)c1ccc(N(Cc2cc[nH]n2)C(=O)Cn2nnc3ccccc32)cc1
606,CNC(=O)Nc1ccc(N(Cc2ccsc2)C(=O)Cn2nnc3ccccc32)cc1,CNC(=O)Nc1ccc(N(Cc2ccsc2)C(=O)Cn2nnc3ccccc32)cc1
607,CC(=O)NCc1cc(Cl)cc(CC(=O)Nc2cnccc2C)c1,CC(=O)NCc1cc(Cl)cc(CC(=O)Nc2cnccc2C)c1
609,O=C(Cc1cc(Cl)ccn1)Nc1cncc2ccccc12,O=C(Cc1cc(Cl)ccn1)Nc1cncc2ccccc12
610,O=C(c1cncc2ccccc12)N1CCN(c2ccccc2)CC1,O=C(c1cncc2ccccc12)N1CCN(c2ccccc2)CC1
611,COc1ccccc1OCCNC(=O)c1cncc2ccccc12,COc1ccccc1OCCNC(=O)c1cncc2ccccc12
612,O=C(Cc1cc(Cl)cc2ccoc12)Nc1cncc2ccccc12,O=C(Cc1cc(Cl)cc2ccoc12)Nc1cncc2ccccc12
613,CC(=O)N1CC[NH+](Cc2cc(O)cc(Cl)c2)CC1,CC(=O)N1CC[NH+](Cc2cc(O)cc(Cl)c2)CC1
614,Cn1ccc(C(=O)NC[C@@H]2CCCO2)n1,Cn1ccc(C(=O)NC[C@@H]2CCCO2)n1
615,O=C[C@H](Cc1ccc(N2CCOCC2)s1)NC(=O)c1cccs1,O=C[C@H](Cc1ccc(N2CCOCC2)s1)NC(=O)c1cccs1
616,O=C(Cc1cccc(Cl)c1)Nc1cncc2c1CCC2,O=C(Cc1cccc(Cl)c1)Nc1cncc2c1CCC2
617,CCc1ccc2c(c1)c(O)c(O)n2CC(=O)[O-],CCc1ccc2c(c1)c(O)c(O)n2CC(=O)[O-]
618,O=C(Cc1cccc(Cl)c1)Nc1nnc2ccccn12,O=C(Cc1cccc(Cl)c1)Nc1nnc2ccccn12
619,COc1ccccc1OC1CN(C(=O)c2cc(=O)[nH]c3ccccc23)C1,COc1ccccc1OC1CN(C(=O)c2cc(=O)[nH]c3ccccc23)C1
620,C[C@@H]1COc2ccc(Cl)cc2[C@@H]1C(=O)Nc1cncc2ccccc12,C[C@@H]1COc2ccc(Cl)cc2[C@@H]1C(=O)Nc1cncc2ccccc12
621,COc1cc(OC)nc(C[NH3+])n1,COc1cc(OC)nc(C[NH3+])n1
622,Cc1ccn2cnnc2c1NC(=O)[C@@H]1CCOc2ccc(Cl)cc21,Cc1ccn2cnnc2c1NC(=O)[C@@H]1CCOc2ccc(Cl)cc21
623,CN(C)c1ccc(N(Cc2cscn2)C(=O)Cn2nnc3ccccc32)cc1,CN(C)c1ccc(N(Cc2cscn2)C(=O)Cn2nnc3ccccc32)cc1
624,O=C(Nc1cncc2ccccc12)[C@@H]1CCNc2ccc(Cl)cc21,O=C(Nc1cncc2ccccc12)[C@@H]1CCNc2ccc(Cl)cc21
625,COc1ccc(N(Cc2cccc(Cl)c2)C(=O)Cn2nnc3ccccc32)cc1,COc1ccc(N(Cc2cccc(Cl)c2)C(=O)Cn2nnc3ccccc32)cc1
626,Nc1cncc2c1CCCN2C(=O)Cc1cccc(Cl)c1,Nc1cncc2c1CCCN2C(=O)Cc1cccc(Cl)c1
627,CC1CCN(C(=O)Cn2nnc3ccccc32)CC1,CC1CCN(C(=O)Cn2nnc3ccccc32)CC1
628,C[C@@]1(C(=O)Nc2cncc3ccccc23)CCOc2ccc(Cl)cc21,C[C@@]1(C(=O)Nc2cncc3ccccc23)CCOc2ccc(Cl)cc21
629,CC[NH2+]Cc1cn(C)nn1,CC[NH2+]Cc1cn(C)nn1
630,Cc1ccncc1NC(=O)Cc1cc(Cl)cc(NCC(C)(C)C#N)c1,Cc1ccncc1NC(=O)Cc1cc(Cl)cc(NCC(C)(C)C#N)c1
631,Cc1ccncc1NC(=O)Cc1cc(Cl)cc(N[C@H]2C[C@H]2C(F)(F)F)c1,Cc1ccncc1NC(=O)Cc1cc(Cl)cc(N[C@H]2C[C@H]2C(F)(F)F)c1
632,CC(C)OCCCN(Cc1ccco1)C(=O)Nc1cn(C)c(=O)c2ccccc12,CC(C)OCCCN(Cc1ccco1)C(=O)Nc1cn(C)c(=O)c2ccccc12
633,COC(=O)Nc1sc(C)nc1-c1ccccc1,COC(=O)Nc1sc(C)nc1-c1ccccc1
634,CS(=O)(=O)Cc1nc2ccccc2[nH]1,CS(=O)(=O)Cc1nc2ccccc2[nH]1
635,CN(C)c1ccc(N(Cc2ccccc2)C(=O)Cn2nnc3ccccc32)cc1,CN(C)c1ccc(N(Cc2ccccc2)C(=O)Cn2nnc3ccccc32)cc1
636,CN(C)c1ccc(N(Cc2cccc(Cl)c2)C(=O)Cn2nnc3ccccc32)cc1,CN(C)c1ccc(N(Cc2cccc(Cl)c2)C(=O)Cn2nnc3ccccc32)cc1
637,N#Cc1ccc(CNC(=O)N2CCOCC2)cc1,N#Cc1ccc(CNC(=O)N2CCOCC2)cc1
644,O=C(c1cc(=O)[nH]c2ccccc12)N1CCN(c2cccc(Cl)c2)C(=O)C1,O=C(c1cc(=O)[nH]c2ccccc12)N1CCN(c2cccc(Cl)c2)C(=O)C1
648,O=C1C[C@@](O)(C(=O)Nc2cncc3ccccc23)c2cc(Cl)ccc2N1,O=C1C[C@@](O)(C(=O)Nc2cncc3ccccc23)c2cc(Cl)ccc2N1
651,CO[C@@]1(C(=O)Nc2cncc3ccccc23)CCOc2ccc(Cl)cc21,CO[C@@]1(C(=O)Nc2cncc3ccccc23)CCOc2ccc(Cl)cc21
653,Cn1cnc2cncc(NC(=O)[C@@H]3CCOc4ccc(Cl)cc43)c21,Cn1cnc2cncc(NC(=O)[C@@H]3CCOc4ccc(Cl)cc43)c21
655,CC(=O)N1CC[NH+](CC(=O)Nc2cnccc2C2CC2)CC1,CC(=O)N1CC[NH+](CC(=O)Nc2cnccc2C2CC2)CC1
656,O=C(Nc1c[n+]([O-])cc2ccccc12)[C@@H]1CCOc2ccc(Cl)cc21,O=C(Nc1c[n+]([O-])cc2ccccc12)[C@@H]1CCOc2ccc(Cl)cc21
657,[NH3+]C[C@]1(C(=O)Nc2cncc3ccccc23)CCOc2ccc(Cl)cc21,[NH3+]C[C@]1(C(=O)Nc2cncc3ccccc23)CCOc2ccc(Cl)cc21
659,Cc1ccncc1NC(=O)C[N@H+]1CC[C@H](C)CC1,Cc1ccncc1NC(=O)C[N@H+]1CC[C@H](C)CC1
660,COc1ccc2cncc(NC(=O)Cc3cccc(Cl)c3)c2c1,COc1ccc2cncc(NC(=O)Cc3cccc(Cl)c3)c2c1
661,CC(=O)N1CCN(S(=O)(=O)c2ccc(Cl)cc2)CC1,CC(=O)N1CCN(S(=O)(=O)c2ccc(Cl)cc2)CC1
662,CC(=O)N(c1ccccc1)[C@H]1CCS(=O)(=O)C1,CC(=O)N(c1ccccc1)[C@H]1CCS(=O)(=O)C1
663,CC(=O)N1CC[NH+](C[C@@H]2CC[C@H](Cl)S2)CC1,CC(=O)N1CC[NH+](C[C@@H]2CC[C@H](Cl)S2)CC1
664,CC(=O)N1CCN(S(=O)(=O)c2cc(C)ccc2C)CC1,CC(=O)N1CCN(S(=O)(=O)c2cc(C)ccc2C)CC1
665,COc1cccc2sc(NC(C)=O)nc12,COc1cccc2sc(NC(C)=O)nc12
666,CC(=O)N1CCC(NC(=O)c2ccccc2)CC1,CC(=O)N1CCC(NC(=O)c2ccccc2)CC1
667,CC(=O)N1CCC(C(=O)Nc2ccccc2O)CC1,CC(=O)N1CCC(C(=O)Nc2ccccc2O)CC1
668,CC(=O)N(c1ccc(C)cc1)[C@@H]1CCS(=O)(=O)C1,CC(=O)N(c1ccc(C)cc1)[C@@H]1CCS(=O)(=O)C1
669,CC(=O)N(c1ccc(F)cc1)[C@@H]1CCS(=O)(=O)C1,CC(=O)N(c1ccc(F)cc1)[C@@H]1CCS(=O)(=O)C1
670,CC(=O)N1CCC(C(=O)N2CCCCC2)CC1,CC(=O)N1CCC(C(=O)N2CCCCC2)CC1
671,CC(=O)N[C@H](C)c1cccc(Cl)c1,CC(=O)N[C@H](C)c1cccc(Cl)c1
672,CC(=O)Nc1cccc(N2CCCC2=O)c1,CC(=O)Nc1cccc(N2CCCC2=O)c1
673,CC(=O)N1CC[NH+](Cc2ccc(Br)s2)CC1,CC(=O)N1CC[NH+](Cc2ccc(Br)s2)CC1
674,CC(=O)N1CC[NH+](Cc2ccsc2)CC1,CC(=O)N1CC[NH+](Cc2ccsc2)CC1
675,CC(=O)N1Cc2ccccc2[C@H](c2ccccc2)C1,CC(=O)N1Cc2ccccc2[C@H](c2ccccc2)C1
676,CC(=O)N1CCN(S(=O)(=O)c2ccc(Cl)s2)CC1,CC(=O)N1CCN(S(=O)(=O)c2ccc(Cl)s2)CC1
677,CC(=O)N1CCN(C(=O)c2cccs2)CC1,CC(=O)N1CCN(C(=O)c2cccs2)CC1
678,CC(=O)N1CC[NH+](C[C@@H]2CCCS2)CC1,CC(=O)N1CC[NH+](C[C@@H]2CCCS2)CC1
679,COc1ccc(N2CCN(C(C)=O)CC2)cc1,COc1ccc(N2CCN(C(C)=O)CC2)cc1
680,CC(=O)N1CCC(C(=O)N(C)C(C)C)CC1,CC(=O)N1CCC(C(=O)N(C)C(C)C)CC1
681,CC(=O)Nc1cccnc1Cl,CC(=O)Nc1cccnc1Cl
682,CC(=O)N1CCN(C(C)=O)CC1,CC(=O)N1CCN(C(C)=O)CC1
683,COc1ccc(NC(=O)C2CCN(C(C)=O)CC2)cn1,COc1ccc(NC(=O)C2CCN(C(C)=O)CC2)cn1
684,[NH3+]Cc1ncccn1,[NH3+]Cc1ncccn1
685,[NH3+]Cc1ncc[nH]1,[NH3+]Cc1ncc[nH]1
686,CS(=O)(=O)c1ccc(N2CC[NH2+]CC2)cc1,CS(=O)(=O)c1ccc(N2CC[NH2+]CC2)cc1
687,CCC(=O)N(c1cc(C(C)(C)C)on1)[C@@H](C(=O)NC(C)(C)C)c1cccnc1,CCC(=O)N(c1cc(C(C)(C)C)on1)[C@@H](C(=O)NC(C)(C)C)c1cccnc1
688,O=C(Cc1cncnc1)Nc1cccc(O[C@@H]2CC(=O)N2)c1,O=C(Cc1cncnc1)Nc1cccc(O[C@@H]2CC(=O)N2)c1
689,O=C(Cc1cncc2ccccc12)Nc1ccccc1,O=C(Cc1cncc2ccccc12)Nc1ccccc1
690,N#Cc1cncc(CC(=O)Nc2cccnc2)c1,N#Cc1cncc(CC(=O)Nc2cccnc2)c1
691,Cc1ccncc1NC(=O)Cc1cccc(C#N)c1,Cc1ccncc1NC(=O)Cc1cccc(C#N)c1
692,COc1ccnc(NC(=O)Cc2ccc3ccccc3c2)c1,COc1ccnc(NC(=O)Cc2ccc3ccccc3c2)c1
693,N#Cc1cccc(CC(=O)Nc2cccnc2)c1,N#Cc1cccc(CC(=O)Nc2cccnc2)c1
694,Cc1ccc(NC(=O)Nc2cccnc2)s1,Cc1ccc(NC(=O)Nc2cccnc2)s1
695,O=C(Cc1ccc(Cl)s1)Nc1cccnc1,O=C(Cc1ccc(Cl)s1)Nc1cccnc1
696,Cc1ccncc1NC(=O)Cc1cccc(Cl)c1,Cc1ccncc1NC(=O)Cc1cccc(Cl)c1
697,Cc1ccncc1NC(=O)[C@H](C)c1cccc(Cl)c1,Cc1ccncc1NC(=O)[C@H](C)c1cccc(Cl)c1
698,C[C@@H](C(=O)[O-])c1ccc2c(c1)[nH]c1ccc(Cl)cc12,C[C@@H](C(=O)[O-])c1ccc2c(c1)[nH]c1ccc(Cl)cc12
699,CCC(=O)N(c1cc(C(C)(C)C)on1)[C@@H](C(=O)Nc1ccc(OC)cc1C)c1cccnc1,CCC(=O)N(c1cc(C(C)(C)C)on1)[C@@H](C(=O)Nc1ccc(OC)cc1C)c1cccnc1
700,CCC(=O)N(c1ccc(C(C)C)nc1)[C@@H](C(=O)Nc1c(C)cccc1CC)c1cccnc1,CCC(=O)N(c1ccc(C(C)C)nc1)[C@@H](C(=O)Nc1c(C)cccc1CC)c1cccnc1
701,CCC(=O)N(c1cc(C(C)(C)C)n[nH]1)[C@@H](C(=O)Nc1c(C)cccc1CC)c1cccnc1,CCC(=O)N(c1cc(C(C)(C)C)n[nH]1)[C@@H](C(=O)Nc1c(C)cccc1CC)c1cccnc1
702,CC(=O)N1CCC(C(=O)N(C)c2ccccc2)CC1,CC(=O)N1CCC(C(=O)N(C)c2ccccc2)CC1
703,N#CCOc1ccccc1C(=O)NCc1cnsc1,N#CCOc1ccccc1C(=O)NCc1cnsc1
704,CCC(=O)N(c1ccc([C@H](C)OC)cc1)[C@@H](C(=O)Nc1ccc(OC)cc1C)c1cccnc1,CCC(=O)N(c1ccc([C@H](C)OC)cc1)[C@@H](C(=O)Nc1ccc(OC)cc1C)c1cccnc1
705,CC(=O)N1CC[NH+](Cc2cccs2)CC1,CC(=O)N1CC[NH+](Cc2cccs2)CC1
706,Cc1ccncc1NC(=O)Nc1cccc(Cl)c1,Cc1ccncc1NC(=O)Nc1cccc(Cl)c1
707,COc1ccccc1OCCNC(=O)c1cc(=O)[nH]c2ccccc12,COc1ccccc1OCCNC(=O)c1cc(=O)[nH]c2ccccc12
708,Cc1ccncc1NC(=O)[C@H](C)c1cccc(C#N)c1,Cc1ccncc1NC(=O)[C@H](C)c1cccc(C#N)c1
709,NC(=O)[C@@H]1C[N@@H+](Cc2cccnc2)C[C@H]1c1ccccc1,NC(=O)[C@@H]1C[N@@H+](Cc2cccnc2)C[C@H]1c1ccccc1
710,Nc1cncc(NC(=O)Nc2cccc(Cl)c2)c1,Nc1cncc(NC(=O)Nc2cccc(Cl)c2)c1
711,CS(=O)(=O)NCC[C@@H]1CCCC[N@H+]1CC(=O)Nc1cccnc1,CS(=O)(=O)NCC[C@@H]1CCCC[N@H+]1CC(=O)Nc1cccnc1
712,CC(=O)N1C[C@@H]2C[C@H]1C[N@H+]2Cc1cccc(Cl)c1,CC(=O)N1C[C@@H]2C[C@H]1C[N@H+]2Cc1cccc(Cl)c1
713,Cc1ccncc1NC(=O)CN(C)S(=O)(=O)c1cccc2cccnc12,Cc1ccncc1NC(=O)CN(C)S(=O)(=O)c1cccc2cccnc12
714,Cc1ccncc1NC(=O)CNC(=O)Cc1cccnc1,Cc1ccncc1NC(=O)CNC(=O)Cc1cccnc1
715,CCOC(=O)CCNC(=O)[C@@H](c1cccnc1)N(C(=O)CC)c1ccc(C(C)(C)C)cc1,CCOC(=O)CCNC(=O)[C@@H](c1cccnc1)N(C(=O)CC)c1ccc(C(C)(C)C)cc1
717,CCC(=O)N(c1ccc(C(C)(C)C)cc1)[C@@H](C(=O)NCCCOC)c1cccnc1,CCC(=O)N(c1ccc(C(C)(C)C)cc1)[C@@H](C(=O)NCCCOC)c1cccnc1
718,CCC(=O)N(c1ccc(C(C)(C)C)cc1)[C@@H](C(=O)NCCOC)c1cccnc1,CCC(=O)N(c1ccc(C(C)(C)C)cc1)[C@@H](C(=O)NCCOC)c1cccnc1
719,CCC(=O)N(c1ccc(C(C)(C)C)cc1)[C@@H](C(=O)NC1CCOCC1)c1cccnc1,CCC(=O)N(c1ccc(C(C)(C)C)cc1)[C@@H](C(=O)NC1CCOCC1)c1cccnc1
720,CCC(=O)N(c1ccc(C(C)(C)C)cc1)[C@@H](C(=O)NC)c1cccnc1,CCC(=O)N(c1ccc(C(C)(C)C)cc1)[C@@H](C(=O)NC)c1cccnc1
721,O=C(Nc1ccccc1NS(=O)(=O)c1ccc(F)cc1)[C@@H](O)c1cccnc1,O=C(Nc1ccccc1NS(=O)(=O)c1ccc(F)cc1)[C@@H](O)c1cccnc1
722,O=C(c1cc(=O)[nH]c2ccccc12)N1CCN(c2ccccc2)CC1,O=C(c1cc(=O)[nH]c2ccccc12)N1CCN(c2ccccc2)CC1
723,Cn1cc(CNC(=O)N(CCc2ccccc2)Cc2cccnc2)nn1,Cn1cc(CNC(=O)N(CCc2ccccc2)Cc2cccnc2)nn1
725,CC(=O)N[C@@H](CO)c1cccc(Cl)c1,CC(=O)N[C@@H](CO)c1cccc(Cl)c1
726,C#CC[NH+]1CCN(C(C)=O)CC1,C#CC[NH+]1CCN(C(C)=O)CC1
727,CC(=O)N(CCC(N)=O)[C@H]1CCS(=O)(=O)C1,CC(=O)N(CCC(N)=O)[C@H]1CCS(=O)(=O)C1
728,CC(=O)N1CC[NH+](C(c2ccccc2)c2ccccc2)CC1,CC(=O)N1CC[NH+](C(c2ccccc2)c2ccccc2)CC1
729,C[NH2+]Cc1c[nH]c2ccc(F)cc12,C[NH2+]Cc1c[nH]c2ccc(F)cc12
731,CCNC(=O)[C@@H](c1cccnc1)N(C(=O)CC)c1ccc(C(C)(C)C)cc1,CCNC(=O)[C@@H](c1cccnc1)N(C(=O)CC)c1ccc(C(C)(C)C)cc1
732,Cc1ccncc1NC(=O)Cc1ccc2[nH]cnc2c1,Cc1ccncc1NC(=O)Cc1ccc2[nH]cnc2c1
733,O=C[C@H](Cc1cnc[nH]1)[NH2+]C[C@@H]1C[C@H]2CCCC[C@@H]2CN1C(=O)CCNc1ccccc1,O=C[C@H](Cc1cnc[nH]1)[NH2+]C[C@@H]1C[C@H]2CCCC[C@@H]2CN1C(=O)CCNc1ccccc1
735,O=C1N[C@]2(CCc3cc(Cl)ccc32)C(=O)N1Cc1ccon1,O=C1N[C@]2(CCc3cc(Cl)ccc32)C(=O)N1Cc1ccon1
737,O=c1[nH]c(CC2CCCCC2)c([O-])n1-c1cncc(F)c1,O=c1[nH]c(CC2CCCCC2)c([O-])n1-c1cncc(F)c1
739,C=C1CCN(C(=O)Cn2nnc3ccccc32)CC1,C=C1CCN(C(=O)Cn2nnc3ccccc32)CC1
740,CCN(Cc1ccoc1)C(=O)Cn1nnc2ccccc21,CCN(Cc1ccoc1)C(=O)Cn1nnc2ccccc21
741,NC(=O)c1ccnc(Cl)c1,NC(=O)c1ccnc(Cl)c1
742,CCCOc1cc(Cl)cc(-c2cc(-c3ccccc3C#N)cn(-c3cccnc3)c2=O)c1,CCCOc1cc(Cl)cc(-c2cc(-c3ccccc3C#N)cn(-c3cccnc3)c2=O)c1
744,O=c1[nH]cc(-c2cc(-c3cc(Cl)cc(OCc4ccccc4Cl)c3)c(=O)n(-c3cccnc3)c2)c(=O)[nH]1,O=c1[nH]cc(-c2cc(-c3cc(Cl)cc(OCc4ccccc4Cl)c3)c(=O)n(-c3cccnc3)c2)c(=O)[nH]1
745,N#Cc1ccccc1-c1cc(-c2cc(Cl)cc(OCC3CC3)c2)c(=O)n(-c2cccnc2)c1,N#Cc1ccccc1-c1cc(-c2cc(Cl)cc(OCC3CC3)c2)c(=O)n(-c2cccnc2)c1
747,O[C@@H]1C=CN(c2ccccc2)[C@H](O)[NH2+]1,O[C@@H]1C=CN(c2ccccc2)[C@H](O)[NH2+]1
748,CC(C)NC(=O)Nc1ccccc1,CC(C)NC(=O)Nc1ccccc1
749,O=C1N[C@]2(C[C@H](C3CCC3)C2)C(=O)N1c1cncc(F)c1,O=C1N[C@]2(C[C@H](C3CCC3)C2)C(=O)N1c1cncc(F)c1
751,O=C1N[C@]2(C[C@H](C3CCC3)C2)C(=O)N1c1cncc2ccccc12,O=C1N[C@]2(C[C@H](C3CCC3)C2)C(=O)N1c1cncc2ccccc12
752,O=C1N[C@]2(C[C@@H](c3ccccc3)C2)C(=O)N1c1cncc2ccccc12,O=C1N[C@]2(C[C@@H](c3ccccc3)C2)C(=O)N1c1cncc2ccccc12
753,CC(C)(C)[C@H](NC(=O)C(F)(F)F)C(=O)N1C[C@H]2[C@@H]([C@H]1C(=O)N[C@H](C[NH3+])C[C@@H]1CCNC1=O)C2(C)C,CC(C)(C)[C@H](NC(=O)C(F)(F)F)C(=O)N1C[C@H]2[C@@H]([C@H]1C(=O)N[C@H](C[NH3+])C[C@@H]1CCNC1=O)C2(C)C
755,O=C(c1cc(=O)[nH]c(=O)[nH]1)N1CCN(c2cc(Cl)c(Cl)c(Cl)c2)CC1,O=C(c1cc(=O)[nH]c(=O)[nH]1)N1CCN(c2cc(Cl)c(Cl)c(Cl)c2)CC1
756,Cc1c(Cl)cc(N2CCN(C(=O)c3cc(=O)[nH]c(=O)[nH]3)CC2)cc1Cl,Cc1c(Cl)cc(N2CCN(C(=O)c3cc(=O)[nH]c(=O)[nH]3)CC2)cc1Cl
757,O=C(c1cc(=O)[nH]c(=O)[nH]1)N1CCN(c2ccc(Br)c(Cl)c2)CC1,O=C(c1cc(=O)[nH]c(=O)[nH]1)N1CCN(c2ccc(Br)c(Cl)c2)CC1
758,O=C(c1cc(=O)[nH]c(=O)[nH]1)N1CCN(c2ccc(Cl)c(C(F)(F)F)c2)CC1,O=C(c1cc(=O)[nH]c(=O)[nH]1)N1CCN(c2ccc(Cl)c(C(F)(F)F)c2)CC1
759,O=Cc1ccc(N2CCN(C(=O)c3cc(=O)[nH]c(=O)[nH]3)CC2)cc1Cl,O=Cc1ccc(N2CCN(C(=O)c3cc(=O)[nH]c(=O)[nH]3)CC2)cc1Cl
760,O=C(c1cc(=O)[nH]c(=O)[nH]1)N1CCN(c2ccc(C(F)(F)F)c(Cl)c2)CC1,O=C(c1cc(=O)[nH]c(=O)[nH]1)N1CCN(c2ccc(C(F)(F)F)c(Cl)c2)CC1
761,O=C(c1cc(=O)[nH]c(=O)[nH]1)N1CCC(c2ccc(Cl)c(Cl)c2)CC1,O=C(c1cc(=O)[nH]c(=O)[nH]1)N1CCC(c2ccc(Cl)c(Cl)c2)CC1
762,O=C(c1cc(=O)[nH]c(=O)[nH]1)N1CCN(c2ccc(Cl)cc2)CC1,O=C(c1cc(=O)[nH]c(=O)[nH]1)N1CCN(c2ccc(Cl)cc2)CC1
763,O=C(c1cc(=O)[nH]c(=O)[nH]1)N1CCN(c2ccc(CO)c(Cl)c2)CC1,O=C(c1cc(=O)[nH]c(=O)[nH]1)N1CCN(c2ccc(CO)c(Cl)c2)CC1
766,CC(C)(C)[C@H](NC(=O)C(F)(F)F)C(=O)N1C[C@H]2[C@@H]([C@H]1C(=O)N[C@H](CN)C[C@@H]1CCNC1=O)C2(C)C,CC(C)(C)[C@H](NC(=O)C(F)(F)F)C(=O)N1C[C@H]2[C@@H]([C@H]1C(=O)N[C@H](CN)C[C@@H]1CCNC1=O)C2(C)C
